"Time","Total Active Sessions"
2026-08-20 16:41:20,1403
2026-08-20 16:41:40,1403
2026-08-20 16:42:00,1403
2026-08-20 16:42:20,1403
2026-08-20 16:42:40,1403
2026-08-20 16:43:00,1403
2026-08-20 16:43:20,1403
2026-08-20 16:43:40,1403
2026-08-20 16:44:00,1403
2026-08-20 16:44:20,1403
2026-08-20 16:44:40,1403
2026-08-20 16:45:00,1403
2026-08-20 16:45:20,1403
2026-08-20 16:45:40,1403
2026-08-20 16:46:00,1403
2026-08-20 16:46:20,1403
2026-08-20 16:46:40,1403
2026-08-20 16:47:00,1403
2026-08-20 16:47:20,1403
2026-08-20 16:47:40,1403
2026-08-20 16:48:00,1403
2026-08-20 16:48:20,1403
2026-08-20 16:48:40,1403
2026-08-20 16:49:00,1403
2026-08-20 16:49:20,1403
2026-08-20 16:49:40,1403
2026-08-20 16:50:00,1403
2026-08-20 16:50:20,1403
2026-08-20 16:50:40,1403
2026-08-20 16:51:00,1403
2026-08-20 16:51:20,1403
2026-08-20 16:51:40,1403
2026-08-20 16:52:00,1403
2026-08-20 16:52:20,1403
2026-08-20 16:52:40,1403
2026-08-20 16:53:00,1403
2026-08-20 16:53:20,1403
2026-08-20 16:53:40,1403
2026-08-20 16:54:00,1403
2026-08-20 16:54:20,1403
2026-08-20 16:54:40,1403
2026-08-20 16:55:00,1403
2026-08-20 16:55:20,1403
2026-08-20 16:55:40,1403
2026-08-20 16:56:00,1403
2026-08-20 16:56:20,1403
2026-08-20 16:56:40,1403
2026-08-20 16:57:00,1403
2026-08-20 16:57:20,1403
2026-08-20 16:57:40,1403
2026-08-20 16:58:00,1403
2026-08-20 16:58:20,1403
2026-08-20 16:58:40,1403
2026-08-20 16:59:00,1403
2026-08-20 16:59:20,1403
2026-08-20 16:59:40,1403
2026-08-20 17:00:00,1403
2026-08-20 17:00:20,1403
2026-08-20 17:00:40,1403
2026-08-20 17:01:00,1403
2026-08-20 17:01:20,1403
2026-08-20 17:01:40,1403
2026-08-20 17:02:00,1403
2026-08-20 17:02:20,1403
2026-08-20 17:02:40,1403
2026-08-20 17:03:00,1403
2026-08-20 17:03:20,1403
2026-08-20 17:03:40,1403
2026-08-20 17:04:00,1403
2026-08-20 17:04:20,1403
2026-08-20 17:04:40,1403
2026-08-20 17:05:00,1403
2026-08-20 17:05:20,1403
2026-08-20 17:05:40,1403
2026-08-20 17:06:00,1403
2026-08-20 17:06:20,1403
2026-08-20 17:06:40,1403
2026-08-20 17:07:00,1403
2026-08-20 17:07:20,1403
2026-08-20 17:07:40,1403
2026-08-20 17:08:00,1403
2026-08-20 17:08:20,1403
2026-08-20 17:08:40,1403
2026-08-20 17:09:00,1403
2026-08-20 17:09:20,1403
2026-08-20 17:09:40,1403
2026-08-20 17:10:00,1403
2026-08-20 17:10:20,1403
2026-08-20 17:10:40,1403
2026-08-20 17:11:00,1403
2026-08-20 17:11:20,1403
2026-08-20 17:11:40,1403
2026-08-20 17:12:00,1403
2026-08-20 17:12:20,1403
2026-08-20 17:12:40,1403
2026-08-20 17:13:00,1403
2026-08-20 17:13:20,1403
2026-08-20 17:13:40,1403
2026-08-20 17:14:00,1403
2026-08-20 17:14:20,1403
2026-08-20 17:14:40,1403
2026-08-20 17:15:00,1403
2026-08-20 17:15:20,1403
2026-08-20 17:15:40,1403
2026-08-20 17:16:00,1403
2026-08-20 17:16:20,1403
2026-08-20 17:16:40,1403
2026-08-20 17:17:00,1403
2026-08-20 17:17:20,1403
2026-08-20 17:17:40,1403
2026-08-20 17:18:00,1403
2026-08-20 17:18:20,1403
2026-08-20 17:18:40,1403
2026-08-20 17:19:00,1403
2026-08-20 17:19:20,1403
2026-08-20 17:19:40,1403
2026-08-20 17:20:00,1403
2026-08-20 17:20:20,1403
2026-08-20 17:20:40,1403
2026-08-20 17:21:00,1403
2026-08-20 17:21:20,1403
2026-08-20 17:21:40,1403
2026-08-20 17:22:00,1403
2026-08-20 17:22:20,1403
2026-08-20 17:22:40,1403
2026-08-20 17:23:00,1403
2026-08-20 17:23:20,1374
2026-08-20 17:23:40,1375
2026-08-20 17:24:00,1420
2026-08-20 17:24:20,1445
2026-08-20 17:24:40,1470
2026-08-20 17:25:00,1550
2026-08-20 17:25:20,1550
2026-08-20 17:25:40,1550
2026-08-20 17:26:00,1550
2026-08-20 17:26:20,1550
2026-08-20 17:26:40,1550
2026-08-20 17:27:00,1550
2026-08-20 17:27:20,1550
2026-08-20 17:27:40,1550
2026-08-20 17:28:00,1550
2026-08-20 17:28:20,1550
2026-08-20 17:28:40,1550
2026-08-20 17:29:00,1550
2026-08-20 17:29:20,1550
2026-08-20 17:29:40,1550
2026-08-20 17:30:00,1550
2026-08-20 17:30:20,1550
2026-08-20 17:30:40,1550
2026-08-20 17:31:00,1550
2026-08-20 17:31:20,1550
2026-08-20 17:31:40,1550
2026-08-20 17:32:00,1550
2026-08-20 17:32:20,1550
2026-08-20 17:32:40,1550
2026-08-20 17:33:00,1550
2026-08-20 17:33:20,1550
2026-08-20 17:33:40,1568
2026-08-20 17:34:00,1623
2026-08-20 17:34:20,1646
2026-08-20 17:34:40,1656
2026-08-20 17:35:00,1704
2026-08-20 17:35:20,1725
2026-08-20 17:35:40,1725
2026-08-20 17:36:00,1725
2026-08-20 17:36:20,1725
2026-08-20 17:36:40,1725
2026-08-20 17:37:00,1725
2026-08-20 17:37:20,1725
2026-08-20 17:37:40,1725
2026-08-20 17:38:00,1725
2026-08-20 17:38:20,1725
2026-08-20 17:38:40,1725
2026-08-20 17:39:00,1725
2026-08-20 17:39:20,1725
2026-08-20 17:39:40,1725
2026-08-20 17:40:00,1725
2026-08-20 17:40:20,1725
2026-08-20 17:40:40,1725
2026-08-20 17:41:00,1725
2026-08-20 17:41:20,1725
2026-08-20 17:41:40,1725
2026-08-20 17:42:00,1725
2026-08-20 17:42:20,1725
2026-08-20 17:42:40,1725
2026-08-20 17:43:00,1725
2026-08-20 17:43:20,1725
2026-08-20 17:43:40,1725
2026-08-20 17:44:00,1875
2026-08-20 17:44:20,1943
2026-08-20 17:44:40,1981
2026-08-20 17:45:00,1877
2026-08-20 17:45:20,1862
2026-08-20 17:45:40,1862
2026-08-20 17:46:00,1862
2026-08-20 17:46:20,1862
2026-08-20 17:46:40,1862
2026-08-20 17:47:00,1862
2026-08-20 17:47:20,1862
2026-08-20 17:47:40,1862
2026-08-20 17:48:00,1862
2026-08-20 17:48:20,1862
2026-08-20 17:48:40,1862
2026-08-20 17:49:00,1862
2026-08-20 17:49:20,1862
2026-08-20 17:49:40,1862
2026-08-20 17:50:00,1862
2026-08-20 17:50:20,1862
2026-08-20 17:50:40,1862
2026-08-20 17:51:00,1862
2026-08-20 17:51:20,1862
2026-08-20 17:51:40,1862
2026-08-20 17:52:00,1862
2026-08-20 17:52:20,1862
2026-08-20 17:52:40,1862
2026-08-20 17:53:00,1862
2026-08-20 17:53:20,1862
2026-08-20 17:53:40,1862
2026-08-20 17:54:00,1733
2026-08-20 17:54:20,1557
2026-08-20 17:54:40,1390
2026-08-20 17:55:00,1062
2026-08-20 17:55:20,882
2026-08-20 17:55:40,705
2026-08-20 17:56:00,699
2026-08-20 17:56:20,699
2026-08-20 17:56:40,699
2026-08-20 17:57:00,699
2026-08-20 17:57:20,699
2026-08-20 17:57:40,699
2026-08-20 17:58:00,699
2026-08-20 17:58:20,699
2026-08-20 17:58:40,699
2026-08-20 17:59:00,699
2026-08-20 17:59:20,699
2026-08-20 17:59:40,699
2026-08-20 18:00:00,699
2026-08-20 18:00:20,699
2026-08-20 18:00:40,699
2026-08-20 18:01:00,699
2026-08-20 18:01:20,699
2026-08-20 18:01:40,699
2026-08-20 18:02:00,699
2026-08-20 18:02:20,699
2026-08-20 18:02:40,699
2026-08-20 18:03:00,699
2026-08-20 18:03:20,699
2026-08-20 18:03:40,699
2026-08-20 18:04:00,699
2026-08-20 18:04:20,715
2026-08-20 18:04:40,865
2026-08-20 18:05:00,1163
2026-08-20 18:05:20,1312
2026-08-20 18:05:40,1462
2026-08-20 18:06:00,1685
2026-08-20 18:06:20,1685
2026-08-20 18:06:40,1685
2026-08-20 18:07:00,1685
2026-08-20 18:07:20,1685
2026-08-20 18:07:40,1685
2026-08-20 18:08:00,1685
2026-08-20 18:08:20,1685
2026-08-20 18:08:40,1685
2026-08-20 18:09:00,1685
2026-08-20 18:09:20,1685
2026-08-20 18:09:40,1685
2026-08-20 18:10:00,1685
2026-08-20 18:10:20,1685
2026-08-20 18:10:40,1685
2026-08-20 18:11:00,1685
2026-08-20 18:11:20,1685
2026-08-20 18:11:40,1685
2026-08-20 18:12:00,1685
2026-08-20 18:12:20,1685
2026-08-20 18:12:40,1685
2026-08-20 18:13:00,1685
2026-08-20 18:13:20,1685
2026-08-20 18:13:40,1685
2026-08-20 18:14:00,1685
2026-08-20 18:14:20,1685
2026-08-20 18:14:40,1738
2026-08-20 18:15:00,1971
2026-08-20 18:15:20,2092
2026-08-20 18:15:40,2216
2026-08-20 18:16:00,2457
2026-08-20 18:16:20,2470
2026-08-20 18:16:40,2470
2026-08-20 18:17:00,2470
2026-08-20 18:17:20,2470
2026-08-20 18:17:40,2470
2026-08-20 18:18:00,2470
2026-08-20 18:18:20,2470
2026-08-20 18:18:40,2470
2026-08-20 18:19:00,2470
2026-08-20 18:19:20,2470
2026-08-20 18:19:40,2470
2026-08-20 18:20:00,2470
2026-08-20 18:20:20,2470
2026-08-20 18:20:40,2470
2026-08-20 18:21:00,2470
2026-08-20 18:21:20,2470
2026-08-20 18:21:40,2470
2026-08-20 18:22:00,2470
2026-08-20 18:22:20,2470
2026-08-20 18:22:40,2470
2026-08-20 18:23:00,2470
2026-08-20 18:23:20,2470
2026-08-20 18:23:40,2470
2026-08-20 18:24:00,2470
2026-08-20 18:24:20,2470
2026-08-20 18:24:40,2470
2026-08-20 18:25:00,2025
2026-08-20 18:25:20,1760
2026-08-20 18:25:40,1489
2026-08-20 18:26:00,942
2026-08-20 18:26:20,716
2026-08-20 18:26:40,698
2026-08-20 18:27:00,698
2026-08-20 18:27:20,698
2026-08-20 18:27:40,698
2026-08-20 18:28:00,698
2026-08-20 18:28:20,698
2026-08-20 18:28:40,698
2026-08-20 18:29:00,698
2026-08-20 18:29:20,698
2026-08-20 18:29:40,698
2026-08-20 18:30:00,698
2026-08-20 18:30:20,698
2026-08-20 18:30:40,698
2026-08-20 18:31:00,698
2026-08-20 18:31:20,698
2026-08-20 18:31:40,698
2026-08-20 18:32:00,698
2026-08-20 18:32:20,698
2026-08-20 18:32:40,698
2026-08-20 18:33:00,698
2026-08-20 18:33:20,698
2026-08-20 18:33:40,698
2026-08-20 18:34:00,698
2026-08-20 18:34:20,698
2026-08-20 18:34:40,698
2026-08-20 18:35:00,698
2026-08-20 18:35:20,761
2026-08-20 18:35:40,828
2026-08-20 18:36:00,943
2026-08-20 18:36:20,1001
2026-08-20 18:36:40,1063
2026-08-20 18:37:00,1102
2026-08-20 18:37:20,1102
2026-08-20 18:37:40,1102
2026-08-20 18:38:00,1102
2026-08-20 18:38:20,1102
2026-08-20 18:38:40,1102
2026-08-20 18:39:00,1102
2026-08-20 18:39:20,1102
2026-08-20 18:39:40,1102
2026-08-20 18:40:00,1102
2026-08-20 18:40:20,1102
2026-08-20 18:40:40,1102
2026-08-20 18:41:00,1102
2026-08-20 18:41:20,1102
2026-08-20 18:41:40,1102
2026-08-20 18:42:00,1102
2026-08-20 18:42:20,1102
2026-08-20 18:42:40,1102
2026-08-20 18:43:00,1102
2026-08-20 18:43:20,1102
2026-08-20 18:43:40,1102
2026-08-20 18:44:00,1102
2026-08-20 18:44:20,1102
2026-08-20 18:44:40,1102
2026-08-20 18:45:00,1102
2026-08-20 18:45:20,1157
2026-08-20 18:45:40,1308
2026-08-20 18:46:00,1606
2026-08-20 18:46:20,1756
2026-08-20 18:46:40,1906
2026-08-20 18:47:00,2089
2026-08-20 18:47:20,2089
2026-08-20 18:47:40,2089
2026-08-20 18:48:00,2089
2026-08-20 18:48:20,2089
2026-08-20 18:48:40,2089
2026-08-20 18:49:00,2089
2026-08-20 18:49:20,2089
2026-08-20 18:49:40,2089
2026-08-20 18:50:00,2089
2026-08-20 18:50:20,2089
2026-08-20 18:50:40,2089
2026-08-20 18:51:00,2089
2026-08-20 18:51:20,2089
2026-08-20 18:51:40,2089
2026-08-20 18:52:00,2089
2026-08-20 18:52:20,2089
2026-08-20 18:52:40,2089
2026-08-20 18:53:00,2089
2026-08-20 18:53:20,2089
2026-08-20 18:53:40,2089
2026-08-20 18:54:00,2089
2026-08-20 18:54:20,2089
2026-08-20 18:54:40,2089
2026-08-20 18:55:00,2089
2026-08-20 18:55:20,2089
2026-08-20 18:55:40,1997
2026-08-20 18:56:00,1571
2026-08-20 18:56:20,1366
2026-08-20 18:56:40,1156
2026-08-20 18:57:00,744
2026-08-20 18:57:20,698
2026-08-20 18:57:40,698
2026-08-20 18:58:00,698
2026-08-20 18:58:20,698
2026-08-20 18:58:40,698
2026-08-20 18:59:00,698
2026-08-20 18:59:20,698
2026-08-20 18:59:40,698
2026-08-20 19:00:00,698
2026-08-20 19:00:20,698
2026-08-20 19:00:40,698
2026-08-20 19:01:00,698
2026-08-20 19:01:20,698
2026-08-20 19:01:40,698
2026-08-20 19:02:00,698
2026-08-20 19:02:20,698
2026-08-20 19:02:40,698
2026-08-20 19:03:00,698
2026-08-20 19:03:20,698
2026-08-20 19:03:40,698
2026-08-20 19:04:00,698
2026-08-20 19:04:20,698
2026-08-20 19:04:40,698
2026-08-20 19:05:00,698
2026-08-20 19:05:20,698
2026-08-20 19:05:40,698
2026-08-20 19:06:00,731
2026-08-20 19:06:20,757
2026-08-20 19:06:40,787
2026-08-20 19:07:00,840
2026-08-20 19:07:20,873
2026-08-20 19:07:40,900
2026-08-20 19:08:00,900
2026-08-20 19:08:20,900
2026-08-20 19:08:40,900
2026-08-20 19:09:00,900
2026-08-20 19:09:20,900
2026-08-20 19:09:40,900
2026-08-20 19:10:00,900
2026-08-20 19:10:20,900
2026-08-20 19:10:40,900
2026-08-20 19:11:00,900
2026-08-20 19:11:20,900
2026-08-20 19:11:40,900
2026-08-20 19:12:00,900
2026-08-20 19:12:20,900
2026-08-20 19:12:40,900
2026-08-20 19:13:00,900
2026-08-20 19:13:20,900
2026-08-20 19:13:40,900
2026-08-20 19:14:00,900
2026-08-20 19:14:20,900
2026-08-20 19:14:40,900
2026-08-20 19:15:00,900
2026-08-20 19:15:20,900
2026-08-20 19:15:40,900
2026-08-20 19:16:00,922
2026-08-20 19:16:20,962
2026-08-20 19:16:40,1018
2026-08-20 19:17:00,1132
2026-08-20 19:17:20,1204
2026-08-20 19:17:40,1266
2026-08-20 19:18:00,1297
2026-08-20 19:18:20,1297
2026-08-20 19:18:40,1297
2026-08-20 19:19:00,1297
2026-08-20 19:19:20,1297
2026-08-20 19:19:40,1297
2026-08-20 19:20:00,1297
2026-08-20 19:20:20,1297
2026-08-20 19:20:40,1297
2026-08-20 19:21:00,1297
2026-08-20 19:21:20,1297
2026-08-20 19:21:40,1297
2026-08-20 19:22:00,1297
2026-08-20 19:22:20,1297
2026-08-20 19:22:40,1297
2026-08-20 19:23:00,1297
2026-08-20 19:23:20,1297
2026-08-20 19:23:40,1297
2026-08-20 19:24:00,1297
2026-08-20 19:24:20,1297
2026-08-20 19:24:40,1297
2026-08-20 19:25:00,1297
2026-08-20 19:25:20,1297
2026-08-20 19:25:40,1297
2026-08-20 19:26:00,1297
2026-08-20 19:26:20,1254
2026-08-20 19:26:40,1182
2026-08-20 19:27:00,1019
2026-08-20 19:27:20,935
2026-08-20 19:27:40,834
2026-08-20 19:28:00,698
2026-08-20 19:28:20,698
2026-08-20 19:28:40,698
2026-08-20 19:29:00,698
2026-08-20 19:29:20,698
2026-08-20 19:29:40,698
2026-08-20 19:30:00,698
2026-08-20 19:30:20,698
2026-08-20 19:30:40,698
2026-08-20 19:31:00,698
2026-08-20 19:31:20,698
2026-08-20 19:31:40,698
2026-08-20 19:32:00,698
2026-08-20 19:32:20,698
2026-08-20 19:32:40,698
2026-08-20 19:33:00,698
2026-08-20 19:33:20,698
2026-08-20 19:33:40,698
2026-08-20 19:34:00,698
2026-08-20 19:34:20,698
2026-08-20 19:34:40,698
2026-08-20 19:35:00,698
2026-08-20 19:35:20,698
2026-08-20 19:35:40,698
2026-08-20 19:36:00,698
2026-08-20 19:36:20,698
2026-08-20 19:36:40,698
2026-08-20 19:37:00,938
2026-08-20 19:37:20,1084
2026-08-20 19:37:40,1230
2026-08-20 19:38:00,1526
2026-08-20 19:38:20,1664
2026-08-20 19:38:40,1664
2026-08-20 19:39:00,1664
2026-08-20 19:39:20,1664
2026-08-20 19:39:40,1664
2026-08-20 19:40:00,1664
2026-08-20 19:40:20,1664
2026-08-20 19:40:40,1664
2026-08-20 19:41:00,1664
2026-08-20 19:41:20,1664
2026-08-20 19:41:40,1664
2026-08-20 19:42:00,1664
2026-08-20 19:42:20,1664
2026-08-20 19:42:40,1664
2026-08-20 19:43:00,1664
2026-08-20 19:43:20,1664
2026-08-20 19:43:40,1664
2026-08-20 19:44:00,1664
2026-08-20 19:44:20,1664
2026-08-20 19:44:40,1664
2026-08-20 19:45:00,1664
2026-08-20 19:45:20,1664
2026-08-20 19:45:40,1664
2026-08-20 19:46:00,1664
2026-08-20 19:46:20,1664
2026-08-20 19:46:40,1664
2026-08-20 19:47:00,1816
2026-08-20 19:47:20,1966
2026-08-20 19:47:40,2116
2026-08-20 19:48:00,2416
2026-08-20 19:48:20,2566
2026-08-20 19:48:40,2651
2026-08-20 19:49:00,2651
2026-08-20 19:49:20,2651
2026-08-20 19:49:40,2651
2026-08-20 19:50:00,2651
2026-08-20 19:50:20,2651
2026-08-20 19:50:40,2651
2026-08-20 19:51:00,2651
2026-08-20 19:51:20,2651
2026-08-20 19:51:40,2651
2026-08-20 19:52:00,2651
2026-08-20 19:52:20,2651
2026-08-20 19:52:40,2651
2026-08-20 19:53:00,2651
2026-08-20 19:53:20,2651
2026-08-20 19:53:40,2651
2026-08-20 19:54:00,2651
2026-08-20 19:54:20,2651
2026-08-20 19:54:40,2651
2026-08-20 19:55:00,2651
2026-08-20 19:55:20,2651
2026-08-20 19:55:40,2651
2026-08-20 19:56:00,2651
2026-08-20 19:56:20,2651
2026-08-20 19:56:40,2651
2026-08-20 19:57:00,2595
2026-08-20 19:57:20,2306
2026-08-20 19:57:40,2009
2026-08-20 19:58:00,1421
2026-08-20 19:58:20,1122
2026-08-20 19:58:40,821
2026-08-20 19:59:00,696
2026-08-20 19:59:20,696
2026-08-20 19:59:40,696
2026-08-20 20:00:00,696
2026-08-20 20:00:20,696
2026-08-20 20:00:40,696
2026-08-20 20:01:00,696
2026-08-20 20:01:20,696
2026-08-20 20:01:40,696
2026-08-20 20:02:00,696
2026-08-20 20:02:20,696
2026-08-20 20:02:40,696
2026-08-20 20:03:00,696
2026-08-20 20:03:20,696
2026-08-20 20:03:40,696
2026-08-20 20:04:00,696
2026-08-20 20:04:20,696
2026-08-20 20:04:40,696
2026-08-20 20:05:00,696
2026-08-20 20:05:20,696
2026-08-20 20:05:40,696
2026-08-20 20:06:00,696
2026-08-20 20:06:20,696
2026-08-20 20:06:40,696
2026-08-20 20:07:00,696
2026-08-20 20:07:20,696
2026-08-20 20:07:40,767
2026-08-20 20:08:00,1067
2026-08-20 20:08:20,1217
2026-08-20 20:08:40,1367
2026-08-20 20:09:00,1667
2026-08-20 20:09:20,1683
2026-08-20 20:09:40,1683
2026-08-20 20:10:00,1683
2026-08-20 20:10:20,1683
2026-08-20 20:10:40,1683
2026-08-20 20:11:00,1683
2026-08-20 20:11:20,1683
2026-08-20 20:11:40,1683
2026-08-20 20:12:00,1683
2026-08-20 20:12:20,1683
2026-08-20 20:12:40,1683
2026-08-20 20:13:00,1683
2026-08-20 20:13:20,1683
2026-08-20 20:13:40,1683
2026-08-20 20:14:00,1683
2026-08-20 20:14:20,1683
2026-08-20 20:14:40,1683
2026-08-20 20:15:00,1683
2026-08-20 20:15:20,1683
2026-08-20 20:15:40,1683
2026-08-20 20:16:00,1683
2026-08-20 20:16:20,1683
2026-08-20 20:16:40,1683
2026-08-20 20:17:00,1683
2026-08-20 20:17:20,1683
2026-08-20 20:17:40,1683
2026-08-20 20:18:00,1760
2026-08-20 20:18:20,1787
2026-08-20 20:18:40,1820
2026-08-20 20:19:00,1886
2026-08-20 20:19:20,1915
2026-08-20 20:19:40,1915
2026-08-20 20:20:00,1915
2026-08-20 20:20:20,1915
2026-08-20 20:20:40,1915
2026-08-20 20:21:00,1915
2026-08-20 20:21:20,1915
2026-08-20 20:21:40,1915
2026-08-20 20:22:00,1915
2026-08-20 20:22:20,1915
2026-08-20 20:22:40,1915
2026-08-20 20:23:00,1915
2026-08-20 20:23:20,1915
2026-08-20 20:23:40,1915
2026-08-20 20:24:00,1915
2026-08-20 20:24:20,1915
2026-08-20 20:24:40,1915
2026-08-20 20:25:00,1915
2026-08-20 20:25:20,1915
2026-08-20 20:25:40,1915
2026-08-20 20:26:00,1915
2026-08-20 20:26:20,1915
2026-08-20 20:26:40,1915
2026-08-20 20:27:00,1915
2026-08-20 20:27:20,1915
2026-08-20 20:27:40,1915
2026-08-20 20:28:00,1915
2026-08-20 20:28:20,1915
2026-08-20 20:28:40,1915
2026-08-20 20:29:00,1915
2026-08-20 20:29:20,1915
2026-08-20 20:29:40,1915
2026-08-20 20:30:00,1915
2026-08-20 20:30:20,1915
2026-08-20 20:30:40,1915
2026-08-20 20:31:00,1915
2026-08-20 20:31:20,1915
2026-08-20 20:31:40,1915
2026-08-20 20:32:00,1915
2026-08-20 20:32:20,1915
2026-08-20 20:32:40,1915
2026-08-20 20:33:00,1915
2026-08-20 20:33:20,1915
2026-08-20 20:33:40,1915
2026-08-20 20:34:00,1915
2026-08-20 20:34:20,1915
2026-08-20 20:34:40,1915
2026-08-20 20:35:00,1915
2026-08-20 20:35:20,1915
2026-08-20 20:35:40,1915
2026-08-20 20:36:00,1915
2026-08-20 20:36:20,1915
2026-08-20 20:36:40,1915
2026-08-20 20:37:00,1915
2026-08-20 20:37:20,1915
2026-08-20 20:37:40,1915
2026-08-20 20:38:00,1915
2026-08-20 20:38:20,1915
2026-08-20 20:38:40,1915
2026-08-20 20:39:00,1915
2026-08-20 20:39:20,1915
2026-08-20 20:39:40,1915
2026-08-20 20:40:00,1915
2026-08-20 20:40:20,1915
2026-08-20 20:40:40,1915
2026-08-20 20:41:00,1915
2026-08-20 20:41:20,1915