"Time","UL N3 upf-1","UL N3 upf-2","UL N3 upf-3","UL N3 upf-4","DL N3 upf-1","DL N3 upf-2","DL N3 upf-3","DL N3 upf-4"
2026-08-20 16:35:45,24.6 kp/s,10.1 kp/s,84.1 p/s,20.8 kp/s,44.1 kp/s,15.2 kp/s,168 p/s,36.5 kp/s
2026-08-20 16:36:00,26.9 kp/s,10.1 kp/s,84 p/s,23 kp/s,47.3 kp/s,13.9 kp/s,144 p/s,39.5 kp/s
2026-08-20 16:36:15,29.1 kp/s,10.1 kp/s,84 p/s,25.2 kp/s,50.3 kp/s,12.5 kp/s,117 p/s,42.6 kp/s
2026-08-20 16:36:30,31.4 kp/s,10.1 kp/s,84 p/s,27.5 kp/s,53.6 kp/s,11.3 kp/s,112 p/s,46.0 kp/s
2026-08-20 16:36:45,33.2 kp/s,10.5 kp/s,84 p/s,29.0 kp/s,56.9 kp/s,11.9 kp/s,112 p/s,48.7 kp/s
2026-08-20 16:37:00,35.2 kp/s,12.5 kp/s,84 p/s,29.0 kp/s,61.1 kp/s,16.0 kp/s,112 p/s,48.7 kp/s
2026-08-20 16:37:15,37.5 kp/s,14.7 kp/s,84 p/s,29.0 kp/s,65.6 kp/s,20.5 kp/s,112 p/s,48.7 kp/s
2026-08-20 16:37:30,39.8 kp/s,17.0 kp/s,84 p/s,29.0 kp/s,70.1 kp/s,25.0 kp/s,112 p/s,48.7 kp/s
2026-08-20 16:37:45,42.0 kp/s,19.3 kp/s,84 p/s,29.0 kp/s,74.7 kp/s,29.5 kp/s,112 p/s,48.7 kp/s
2026-08-20 16:38:00,44.3 kp/s,21.5 kp/s,84 p/s,29.0 kp/s,79.2 kp/s,34.0 kp/s,112 p/s,48.8 kp/s
2026-08-20 16:38:15,46.5 kp/s,23.8 kp/s,84 p/s,29.0 kp/s,83.6 kp/s,38.5 kp/s,112 p/s,48.7 kp/s
2026-08-20 16:38:30,48.1 kp/s,25.4 kp/s,330 p/s,29.0 kp/s,85.5 kp/s,41.5 kp/s,604 p/s,48.5 kp/s
2026-08-20 16:38:45,49.6 kp/s,26.8 kp/s,1.71 kp/s,29.0 kp/s,86.3 kp/s,44.4 kp/s,3.37 kp/s,48.5 kp/s
2026-08-20 16:39:00,51.0 kp/s,28.3 kp/s,3.22 kp/s,29.0 kp/s,87.4 kp/s,47.3 kp/s,6.38 kp/s,48.5 kp/s
2026-08-20 16:39:15,52.6 kp/s,29.8 kp/s,4.73 kp/s,29.0 kp/s,90.2 kp/s,50.4 kp/s,9.40 kp/s,48.5 kp/s
2026-08-20 16:39:30,54.0 kp/s,31.3 kp/s,6.22 kp/s,29.0 kp/s,93.1 kp/s,53.3 kp/s,12.4 kp/s,48.5 kp/s
2026-08-20 16:39:45,55.6 kp/s,32.8 kp/s,7.74 kp/s,29.0 kp/s,96.1 kp/s,56.4 kp/s,15.4 kp/s,48.6 kp/s
2026-08-20 16:40:00,57.0 kp/s,34.3 kp/s,9.23 kp/s,29.0 kp/s,99.1 kp/s,59.4 kp/s,18.4 kp/s,48.5 kp/s
2026-08-20 16:40:15,57.8 kp/s,35.1 kp/s,10.1 kp/s,28.9 kp/s,99.7 kp/s,61.0 kp/s,20.1 kp/s,47.5 kp/s
2026-08-20 16:40:30,44.2 kp/s,26.6 kp/s,7.69 kp/s,21.9 kp/s,73.2 kp/s,46.2 kp/s,15.3 kp/s,32.9 kp/s
2026-08-20 16:40:45,33.7 kp/s,20.7 kp/s,5.74 kp/s,17.5 kp/s,52.7 kp/s,35.5 kp/s,11.4 kp/s,23.5 kp/s
2026-08-20 16:41:00,28.2 kp/s,17.1 kp/s,4.72 kp/s,14.5 kp/s,41.9 kp/s,29.3 kp/s,9.42 kp/s,17.4 kp/s
2026-08-20 16:41:15,25.4 kp/s,15.7 kp/s,4.22 kp/s,13.4 kp/s,35.7 kp/s,26.8 kp/s,8.42 kp/s,14.1 kp/s
2026-08-20 16:41:30,22.3 kp/s,13.3 kp/s,3.64 kp/s,11.4 kp/s,29.8 kp/s,22.7 kp/s,7.26 kp/s,10.5 kp/s
2026-08-20 16:41:45,21.8 kp/s,13.1 kp/s,3.43 kp/s,11.4 kp/s,27.7 kp/s,22.0 kp/s,6.83 kp/s,9.58 kp/s
2026-08-20 16:42:00,29.7 kp/s,18.5 kp/s,4.62 kp/s,16.7 kp/s,37.7 kp/s,30.8 kp/s,9.21 kp/s,13.8 kp/s
2026-08-20 16:42:15,27.2 kp/s,17.3 kp/s,4.47 kp/s,15.3 kp/s,34.7 kp/s,29.2 kp/s,8.90 kp/s,12.4 kp/s
2026-08-20 16:42:30,27.2 kp/s,17.8 kp/s,4.58 kp/s,15.4 kp/s,34.8 kp/s,30.2 kp/s,9.12 kp/s,12.4 kp/s
2026-08-20 16:42:45,23.5 kp/s,15.3 kp/s,3.89 kp/s,13.2 kp/s,30.0 kp/s,25.8 kp/s,7.75 kp/s,10.7 kp/s
2026-08-20 16:43:00,22.8 kp/s,14.6 kp/s,3.76 kp/s,12.8 kp/s,29.0 kp/s,24.7 kp/s,7.49 kp/s,10.3 kp/s
2026-08-20 16:43:15,23.2 kp/s,14.7 kp/s,3.77 kp/s,13.0 kp/s,29.6 kp/s,24.8 kp/s,7.52 kp/s,10.5 kp/s
2026-08-20 16:43:30,23.5 kp/s,15.1 kp/s,3.87 kp/s,13.2 kp/s,29.9 kp/s,25.6 kp/s,7.70 kp/s,10.5 kp/s
2026-08-20 16:43:45,27.0 kp/s,16.9 kp/s,4.34 kp/s,15.0 kp/s,34.3 kp/s,28.3 kp/s,8.64 kp/s,12.1 kp/s
2026-08-20 16:44:00,27.3 kp/s,17.2 kp/s,4.42 kp/s,15.1 kp/s,34.8 kp/s,28.9 kp/s,8.80 kp/s,12.2 kp/s
2026-08-20 16:44:15,26.7 kp/s,17.3 kp/s,4.46 kp/s,14.9 kp/s,34.1 kp/s,29.2 kp/s,8.89 kp/s,12.0 kp/s
2026-08-20 16:44:30,24.3 kp/s,15.6 kp/s,4.04 kp/s,13.5 kp/s,31.0 kp/s,26.5 kp/s,8.06 kp/s,10.9 kp/s
2026-08-20 16:44:45,23.1 kp/s,14.8 kp/s,3.87 kp/s,12.8 kp/s,29.5 kp/s,25.2 kp/s,7.72 kp/s,10.1 kp/s
2026-08-20 16:45:00,22.7 kp/s,14.6 kp/s,3.78 kp/s,12.7 kp/s,29.0 kp/s,24.7 kp/s,7.53 kp/s,10.1 kp/s
2026-08-20 16:45:15,23.5 kp/s,14.7 kp/s,3.87 kp/s,12.7 kp/s,29.9 kp/s,24.9 kp/s,7.71 kp/s,10.1 kp/s
2026-08-20 16:45:30,29.3 kp/s,18.7 kp/s,4.83 kp/s,16.6 kp/s,37.4 kp/s,31.6 kp/s,9.62 kp/s,12.9 kp/s
2026-08-20 16:45:45,27.4 kp/s,17.2 kp/s,4.46 kp/s,15.2 kp/s,35.0 kp/s,29.0 kp/s,8.88 kp/s,12.2 kp/s
2026-08-20 16:46:00,28.4 kp/s,18.4 kp/s,4.81 kp/s,15.8 kp/s,36.4 kp/s,31.3 kp/s,9.57 kp/s,12.8 kp/s
2026-08-20 16:46:15,23.7 kp/s,15.4 kp/s,3.94 kp/s,13.4 kp/s,30.3 kp/s,26.1 kp/s,7.85 kp/s,10.8 kp/s
2026-08-20 16:46:30,25.0 kp/s,15.9 kp/s,4.11 kp/s,14.0 kp/s,31.9 kp/s,26.8 kp/s,8.19 kp/s,11.2 kp/s
2026-08-20 16:46:45,21.6 kp/s,13.7 kp/s,3.58 kp/s,11.8 kp/s,27.5 kp/s,23.2 kp/s,7.14 kp/s,9.44 kp/s
2026-08-20 16:47:00,24.7 kp/s,15.6 kp/s,4.07 kp/s,13.6 kp/s,31.6 kp/s,26.5 kp/s,8.12 kp/s,10.8 kp/s
2026-08-20 16:47:15,27.5 kp/s,17.2 kp/s,4.42 kp/s,15.4 kp/s,35.0 kp/s,29.0 kp/s,8.80 kp/s,12.3 kp/s
2026-08-20 16:47:30,26.8 kp/s,16.9 kp/s,4.45 kp/s,14.7 kp/s,34.2 kp/s,28.7 kp/s,8.86 kp/s,11.7 kp/s
2026-08-20 16:47:45,27.0 kp/s,17.5 kp/s,4.54 kp/s,15.1 kp/s,34.6 kp/s,29.7 kp/s,9.04 kp/s,12.2 kp/s
2026-08-20 16:48:00,22.7 kp/s,14.5 kp/s,3.78 kp/s,12.4 kp/s,28.9 kp/s,24.5 kp/s,7.54 kp/s,9.93 kp/s
2026-08-20 16:48:15,23.7 kp/s,15.2 kp/s,3.95 kp/s,13.1 kp/s,30.2 kp/s,25.7 kp/s,7.88 kp/s,10.4 kp/s
2026-08-20 16:48:30,22.7 kp/s,14.6 kp/s,3.82 kp/s,12.7 kp/s,29.0 kp/s,24.9 kp/s,7.61 kp/s,9.97 kp/s
2026-08-20 16:48:45,23.9 kp/s,15.1 kp/s,3.93 kp/s,13.2 kp/s,30.4 kp/s,25.5 kp/s,7.84 kp/s,10.5 kp/s
2026-08-20 16:49:00,28.3 kp/s,18.0 kp/s,4.61 kp/s,16.1 kp/s,36.1 kp/s,30.4 kp/s,9.18 kp/s,12.8 kp/s
2026-08-20 16:49:15,26.7 kp/s,16.9 kp/s,4.39 kp/s,14.8 kp/s,34.1 kp/s,28.6 kp/s,8.75 kp/s,11.8 kp/s
2026-08-20 16:49:30,26.1 kp/s,16.7 kp/s,4.36 kp/s,14.5 kp/s,33.3 kp/s,28.3 kp/s,8.67 kp/s,11.7 kp/s
2026-08-20 16:49:45,25.3 kp/s,16.7 kp/s,4.29 kp/s,14.3 kp/s,32.5 kp/s,28.4 kp/s,8.55 kp/s,11.4 kp/s
2026-08-20 16:50:00,22.9 kp/s,15.1 kp/s,3.84 kp/s,13.2 kp/s,29.3 kp/s,25.5 kp/s,7.66 kp/s,10.5 kp/s
2026-08-20 16:50:15,21.7 kp/s,13.6 kp/s,3.55 kp/s,11.8 kp/s,27.7 kp/s,22.9 kp/s,7.08 kp/s,9.56 kp/s
2026-08-20 16:50:30,22.2 kp/s,13.9 kp/s,3.59 kp/s,12.1 kp/s,28.2 kp/s,23.4 kp/s,7.15 kp/s,9.80 kp/s
2026-08-20 16:50:45,23.8 kp/s,15.1 kp/s,3.90 kp/s,13.2 kp/s,30.2 kp/s,25.5 kp/s,7.78 kp/s,10.5 kp/s
2026-08-20 16:51:00,27.4 kp/s,17.4 kp/s,4.49 kp/s,15.4 kp/s,34.9 kp/s,29.4 kp/s,8.95 kp/s,12.2 kp/s
2026-08-20 16:51:15,26.6 kp/s,16.8 kp/s,4.39 kp/s,14.6 kp/s,34.0 kp/s,28.4 kp/s,8.75 kp/s,11.7 kp/s
2026-08-20 16:51:30,26.6 kp/s,17.6 kp/s,4.50 kp/s,15.3 kp/s,34.0 kp/s,29.9 kp/s,8.96 kp/s,12.2 kp/s
2026-08-20 16:51:45,23.6 kp/s,15.4 kp/s,3.99 kp/s,13.3 kp/s,30.3 kp/s,26.2 kp/s,7.96 kp/s,10.6 kp/s
2026-08-20 16:52:00,22.7 kp/s,14.4 kp/s,3.75 kp/s,12.5 kp/s,28.9 kp/s,24.4 kp/s,7.47 kp/s,10.0 kp/s
2026-08-20 16:52:15,22.9 kp/s,14.7 kp/s,3.81 kp/s,12.8 kp/s,29.2 kp/s,24.9 kp/s,7.59 kp/s,10.2 kp/s
2026-08-20 16:52:30,22.7 kp/s,14.6 kp/s,3.72 kp/s,12.7 kp/s,28.9 kp/s,24.6 kp/s,7.42 kp/s,10.2 kp/s
2026-08-20 16:52:45,27.7 kp/s,17.9 kp/s,4.64 kp/s,15.8 kp/s,35.4 kp/s,30.3 kp/s,9.24 kp/s,12.2 kp/s
2026-08-20 16:53:00,27.8 kp/s,17.7 kp/s,4.62 kp/s,15.6 kp/s,35.6 kp/s,29.9 kp/s,9.20 kp/s,12.3 kp/s
2026-08-20 16:53:15,27.9 kp/s,18.4 kp/s,4.76 kp/s,15.8 kp/s,35.8 kp/s,31.3 kp/s,9.48 kp/s,12.7 kp/s
2026-08-20 16:53:30,24.6 kp/s,15.7 kp/s,4.13 kp/s,13.7 kp/s,31.6 kp/s,26.7 kp/s,8.23 kp/s,10.8 kp/s
2026-08-20 16:53:45,21.8 kp/s,14.0 kp/s,3.61 kp/s,12.2 kp/s,27.8 kp/s,23.7 kp/s,7.19 kp/s,9.74 kp/s
2026-08-20 16:54:00,24.2 kp/s,15.6 kp/s,4.00 kp/s,13.7 kp/s,30.9 kp/s,26.4 kp/s,7.97 kp/s,11.0 kp/s
2026-08-20 16:54:15,22.7 kp/s,14.6 kp/s,3.76 kp/s,12.7 kp/s,29.0 kp/s,24.7 kp/s,7.49 kp/s,10.1 kp/s
2026-08-20 16:54:30,29.7 kp/s,19.0 kp/s,4.87 kp/s,17.0 kp/s,38.1 kp/s,32.0 kp/s,9.71 kp/s,13.3 kp/s
2026-08-20 16:54:45,28.3 kp/s,18.0 kp/s,4.71 kp/s,15.6 kp/s,36.2 kp/s,30.3 kp/s,9.38 kp/s,12.6 kp/s
2026-08-20 16:55:00,26.3 kp/s,17.3 kp/s,4.43 kp/s,14.9 kp/s,33.8 kp/s,29.4 kp/s,8.83 kp/s,12.0 kp/s
2026-08-20 16:55:15,23.0 kp/s,14.9 kp/s,3.86 kp/s,12.9 kp/s,29.4 kp/s,25.2 kp/s,7.69 kp/s,10.2 kp/s
2026-08-20 16:55:30,22.1 kp/s,14.1 kp/s,3.66 kp/s,12.3 kp/s,28.1 kp/s,23.9 kp/s,7.29 kp/s,9.78 kp/s
2026-08-20 16:55:45,22.2 kp/s,14.0 kp/s,3.69 kp/s,12.1 kp/s,28.3 kp/s,23.7 kp/s,7.34 kp/s,9.61 kp/s
2026-08-20 16:56:00,24.0 kp/s,15.1 kp/s,3.94 kp/s,13.2 kp/s,30.5 kp/s,25.5 kp/s,7.86 kp/s,10.5 kp/s
2026-08-20 16:56:15,27.2 kp/s,17.2 kp/s,4.40 kp/s,15.2 kp/s,34.7 kp/s,29.0 kp/s,8.77 kp/s,12.0 kp/s
2026-08-20 16:56:30,27.4 kp/s,17.5 kp/s,4.67 kp/s,15.2 kp/s,35.1 kp/s,29.8 kp/s,9.30 kp/s,11.9 kp/s
2026-08-20 16:56:45,25.9 kp/s,17.1 kp/s,4.40 kp/s,14.7 kp/s,33.2 kp/s,29.1 kp/s,8.76 kp/s,11.8 kp/s
2026-08-20 16:57:00,22.6 kp/s,14.6 kp/s,3.80 kp/s,12.7 kp/s,29.0 kp/s,24.8 kp/s,7.58 kp/s,10.0 kp/s
2026-08-20 16:57:15,22.6 kp/s,14.5 kp/s,3.80 kp/s,12.5 kp/s,28.9 kp/s,24.7 kp/s,7.58 kp/s,9.86 kp/s
2026-08-20 16:57:30,21.4 kp/s,13.4 kp/s,3.54 kp/s,11.7 kp/s,27.3 kp/s,22.8 kp/s,7.06 kp/s,9.30 kp/s
2026-08-20 16:57:45,23.6 kp/s,14.7 kp/s,3.91 kp/s,12.7 kp/s,30.2 kp/s,25.0 kp/s,7.80 kp/s,10.0 kp/s
2026-08-20 16:58:00,26.2 kp/s,16.4 kp/s,4.33 kp/s,14.5 kp/s,33.4 kp/s,27.6 kp/s,8.63 kp/s,11.5 kp/s
2026-08-20 16:58:15,27.6 kp/s,17.7 kp/s,4.52 kp/s,15.7 kp/s,35.4 kp/s,30.0 kp/s,9.00 kp/s,12.3 kp/s
2026-08-20 16:58:30,27.5 kp/s,17.5 kp/s,4.60 kp/s,15.3 kp/s,35.2 kp/s,29.5 kp/s,9.15 kp/s,12.2 kp/s
2026-08-20 16:58:45,26.2 kp/s,17.2 kp/s,4.46 kp/s,14.6 kp/s,33.6 kp/s,29.3 kp/s,8.89 kp/s,11.7 kp/s
2026-08-20 16:59:00,23.5 kp/s,14.9 kp/s,3.94 kp/s,13.0 kp/s,30.1 kp/s,25.4 kp/s,7.85 kp/s,10.2 kp/s
2026-08-20 16:59:15,21.7 kp/s,14.0 kp/s,3.67 kp/s,12.2 kp/s,27.8 kp/s,23.8 kp/s,7.31 kp/s,9.52 kp/s
2026-08-20 16:59:30,22.8 kp/s,14.5 kp/s,3.81 kp/s,12.6 kp/s,29.2 kp/s,24.6 kp/s,7.60 kp/s,9.90 kp/s
2026-08-20 16:59:45,25.1 kp/s,15.9 kp/s,4.17 kp/s,13.9 kp/s,32.1 kp/s,26.9 kp/s,8.30 kp/s,10.9 kp/s
2026-08-20 17:00:00,28.3 kp/s,18.1 kp/s,4.63 kp/s,16.1 kp/s,36.1 kp/s,30.5 kp/s,9.24 kp/s,12.8 kp/s
2026-08-20 17:00:15,27.2 kp/s,17.4 kp/s,4.55 kp/s,15.2 kp/s,34.8 kp/s,29.5 kp/s,9.06 kp/s,12.1 kp/s
2026-08-20 17:00:30,26.6 kp/s,17.3 kp/s,4.49 kp/s,14.8 kp/s,34.0 kp/s,29.4 kp/s,8.94 kp/s,11.9 kp/s
2026-08-20 17:00:45,23.5 kp/s,15.0 kp/s,3.96 kp/s,12.9 kp/s,30.0 kp/s,25.4 kp/s,7.88 kp/s,10.2 kp/s
2026-08-20 17:01:00,21.4 kp/s,13.6 kp/s,3.56 kp/s,11.8 kp/s,27.3 kp/s,23.0 kp/s,7.09 kp/s,9.33 kp/s
2026-08-20 17:01:15,22.9 kp/s,14.6 kp/s,3.82 kp/s,12.7 kp/s,29.4 kp/s,24.7 kp/s,7.61 kp/s,10.1 kp/s
2026-08-20 17:01:30,23.5 kp/s,14.9 kp/s,3.87 kp/s,13.0 kp/s,30.0 kp/s,25.2 kp/s,7.71 kp/s,10.3 kp/s
2026-08-20 17:01:45,26.2 kp/s,16.7 kp/s,4.41 kp/s,14.8 kp/s,33.5 kp/s,28.3 kp/s,8.78 kp/s,11.5 kp/s
2026-08-20 17:02:00,29.4 kp/s,18.6 kp/s,4.81 kp/s,16.4 kp/s,37.6 kp/s,31.5 kp/s,9.59 kp/s,13.0 kp/s
2026-08-20 17:02:15,28.0 kp/s,18.1 kp/s,4.75 kp/s,15.7 kp/s,36.0 kp/s,30.8 kp/s,9.46 kp/s,12.6 kp/s
2026-08-20 17:02:30,23.6 kp/s,15.1 kp/s,3.96 kp/s,13.0 kp/s,30.2 kp/s,25.7 kp/s,7.90 kp/s,10.3 kp/s
2026-08-20 17:02:45,23.4 kp/s,15.0 kp/s,3.93 kp/s,13.1 kp/s,30.1 kp/s,25.5 kp/s,7.84 kp/s,10.3 kp/s
2026-08-20 17:03:00,21.0 kp/s,13.5 kp/s,3.52 kp/s,11.7 kp/s,26.8 kp/s,23.0 kp/s,7.02 kp/s,9.24 kp/s
2026-08-20 17:03:15,23.9 kp/s,15.3 kp/s,3.97 kp/s,13.3 kp/s,30.5 kp/s,25.8 kp/s,7.91 kp/s,10.5 kp/s
2026-08-20 17:03:30,26.7 kp/s,16.8 kp/s,4.43 kp/s,14.8 kp/s,34.1 kp/s,28.4 kp/s,8.83 kp/s,11.6 kp/s
2026-08-20 17:03:45,28.1 kp/s,17.8 kp/s,4.65 kp/s,15.7 kp/s,36.1 kp/s,30.2 kp/s,9.27 kp/s,12.3 kp/s
2026-08-20 17:04:00,27.1 kp/s,17.2 kp/s,4.56 kp/s,14.9 kp/s,34.8 kp/s,29.2 kp/s,9.09 kp/s,11.9 kp/s
2026-08-20 17:04:15,24.7 kp/s,16.1 kp/s,4.18 kp/s,13.8 kp/s,31.7 kp/s,27.4 kp/s,8.34 kp/s,10.9 kp/s
2026-08-20 17:04:30,22.8 kp/s,14.8 kp/s,3.82 kp/s,12.9 kp/s,29.2 kp/s,25.1 kp/s,7.62 kp/s,10.2 kp/s
2026-08-20 17:04:45,21.8 kp/s,14.0 kp/s,3.69 kp/s,12.2 kp/s,28.0 kp/s,23.8 kp/s,7.35 kp/s,9.53 kp/s
2026-08-20 17:05:00,24.4 kp/s,15.4 kp/s,4.07 kp/s,13.4 kp/s,31.2 kp/s,26.2 kp/s,8.11 kp/s,10.5 kp/s
2026-08-20 17:05:15,24.6 kp/s,16.4 kp/s,4.28 kp/s,12.4 kp/s,33.5 kp/s,27.5 kp/s,8.53 kp/s,11.2 kp/s
2026-08-20 17:05:30,21.4 kp/s,16.9 kp/s,4.61 kp/s,7.78 kp/s,34.6 kp/s,28.6 kp/s,9.19 kp/s,10.3 kp/s
2026-08-20 17:05:45,21.3 kp/s,16.4 kp/s,6.12 kp/s,9.72 kp/s,32.4 kp/s,26.4 kp/s,12.2 kp/s,12.9 kp/s
2026-08-20 17:06:00,17.8 kp/s,10.1 kp/s,84 p/s,13.9 kp/s,20.7 kp/s,11.0 kp/s,112 p/s,18.5 kp/s
2026-08-20 17:06:15,17.9 kp/s,10.1 kp/s,84 p/s,13.9 kp/s,20.7 kp/s,11.0 kp/s,112 p/s,18.5 kp/s
2026-08-20 17:06:30,17.9 kp/s,10.1 kp/s,84 p/s,14.0 kp/s,20.7 kp/s,11.0 kp/s,112 p/s,18.5 kp/s
2026-08-20 17:06:45,17.9 kp/s,10.1 kp/s,84 p/s,13.9 kp/s,20.7 kp/s,11.0 kp/s,112 p/s,18.5 kp/s
2026-08-20 17:07:00,17.9 kp/s,10.1 kp/s,84.1 p/s,14.0 kp/s,20.7 kp/s,11.0 kp/s,112 p/s,18.5 kp/s
2026-08-20 17:07:15,17.9 kp/s,10.1 kp/s,83.9 p/s,14.0 kp/s,20.8 kp/s,11.0 kp/s,112 p/s,18.5 kp/s
2026-08-20 17:07:30,19.3 kp/s,10.1 kp/s,84 p/s,15.4 kp/s,23.7 kp/s,11.0 kp/s,112 p/s,21.4 kp/s
2026-08-20 17:07:45,21.6 kp/s,10.1 kp/s,83.9 p/s,17.7 kp/s,28.2 kp/s,11.0 kp/s,112 p/s,25.9 kp/s
2026-08-20 17:08:00,23.8 kp/s,10.1 kp/s,84.1 p/s,19.9 kp/s,32.7 kp/s,11.0 kp/s,112 p/s,30.4 kp/s
2026-08-20 17:08:15,26.1 kp/s,10.1 kp/s,84 p/s,22.2 kp/s,37.2 kp/s,11.0 kp/s,112 p/s,34.9 kp/s
2026-08-20 17:08:30,28.3 kp/s,10.1 kp/s,84 p/s,24.4 kp/s,41.7 kp/s,11.0 kp/s,112 p/s,39.5 kp/s
2026-08-20 17:08:45,30.6 kp/s,10.1 kp/s,84 p/s,26.7 kp/s,46.2 kp/s,11.0 kp/s,112 p/s,44.0 kp/s
2026-08-20 17:09:00,32.5 kp/s,10.1 kp/s,83.9 p/s,28.7 kp/s,50.1 kp/s,11.0 kp/s,112 p/s,47.9 kp/s
2026-08-20 17:09:15,32.8 kp/s,10.1 kp/s,84 p/s,28.9 kp/s,50.7 kp/s,11.0 kp/s,112 p/s,48.5 kp/s
2026-08-20 17:09:30,32.8 kp/s,10.1 kp/s,84.1 p/s,29.0 kp/s,50.7 kp/s,11.0 kp/s,112 p/s,48.5 kp/s
2026-08-20 17:09:45,32.8 kp/s,10.1 kp/s,84.1 p/s,29.0 kp/s,50.7 kp/s,11.0 kp/s,112 p/s,48.5 kp/s
2026-08-20 17:10:00,32.8 kp/s,10.1 kp/s,84.2 p/s,29.0 kp/s,50.7 kp/s,11.0 kp/s,112 p/s,48.5 kp/s
2026-08-20 17:10:15,32.8 kp/s,10.1 kp/s,84 p/s,28.9 kp/s,50.7 kp/s,11.0 kp/s,112 p/s,48.5 kp/s
2026-08-20 17:10:30,32.8 kp/s,10.1 kp/s,84.1 p/s,29.0 kp/s,50.7 kp/s,11.0 kp/s,112 p/s,48.5 kp/s
2026-08-20 17:10:45,32.8 kp/s,10.1 kp/s,83.9 p/s,28.9 kp/s,50.6 kp/s,11.0 kp/s,112 p/s,48.4 kp/s
2026-08-20 17:11:00,32.8 kp/s,10.1 kp/s,84 p/s,28.9 kp/s,50.6 kp/s,11.0 kp/s,112 p/s,48.4 kp/s
2026-08-20 17:11:15,32.8 kp/s,10.1 kp/s,84 p/s,29.0 kp/s,50.7 kp/s,11.0 kp/s,112 p/s,48.5 kp/s
2026-08-20 17:11:30,32.8 kp/s,10.1 kp/s,84 p/s,28.9 kp/s,50.6 kp/s,11.0 kp/s,112 p/s,48.4 kp/s
2026-08-20 17:11:45,32.8 kp/s,10.1 kp/s,84 p/s,29.0 kp/s,50.7 kp/s,11.0 kp/s,112 p/s,48.5 kp/s
2026-08-20 17:12:00,32.8 kp/s,10.1 kp/s,84 p/s,28.9 kp/s,50.6 kp/s,11.0 kp/s,112 p/s,48.5 kp/s
2026-08-20 17:12:15,32.8 kp/s,10.1 kp/s,84.1 p/s,28.9 kp/s,50.7 kp/s,11.0 kp/s,112 p/s,48.4 kp/s
2026-08-20 17:12:30,32.8 kp/s,10.1 kp/s,83.8 p/s,28.9 kp/s,50.6 kp/s,11.0 kp/s,112 p/s,48.4 kp/s
2026-08-20 17:12:45,32.8 kp/s,10.1 kp/s,84.1 p/s,29.0 kp/s,50.7 kp/s,11.0 kp/s,112 p/s,48.5 kp/s
2026-08-20 17:13:00,32.8 kp/s,10.1 kp/s,84.1 p/s,29.0 kp/s,50.7 kp/s,11.0 kp/s,112 p/s,48.5 kp/s
2026-08-20 17:13:15,32.8 kp/s,10.1 kp/s,83.9 p/s,28.9 kp/s,50.7 kp/s,11.0 kp/s,112 p/s,48.4 kp/s
2026-08-20 17:13:30,32.8 kp/s,10.1 kp/s,84.1 p/s,28.9 kp/s,50.7 kp/s,11.0 kp/s,112 p/s,48.5 kp/s
2026-08-20 17:13:45,32.8 kp/s,10.1 kp/s,84 p/s,29.0 kp/s,50.7 kp/s,11.0 kp/s,112 p/s,48.5 kp/s
2026-08-20 17:14:00,32.8 kp/s,10.1 kp/s,84 p/s,28.9 kp/s,50.7 kp/s,11.0 kp/s,112 p/s,48.5 kp/s
2026-08-20 17:14:15,32.8 kp/s,10.1 kp/s,84 p/s,29.0 kp/s,50.7 kp/s,11.0 kp/s,112 p/s,48.5 kp/s
2026-08-20 17:14:30,32.8 kp/s,10.1 kp/s,84 p/s,28.9 kp/s,50.7 kp/s,11.0 kp/s,112 p/s,48.4 kp/s
2026-08-20 17:14:45,32.8 kp/s,10.1 kp/s,84 p/s,28.9 kp/s,50.6 kp/s,11.0 kp/s,112 p/s,48.4 kp/s
2026-08-20 17:15:00,32.8 kp/s,10.1 kp/s,84 p/s,29.0 kp/s,50.7 kp/s,11.0 kp/s,112 p/s,48.5 kp/s
2026-08-20 17:15:15,32.8 kp/s,10.1 kp/s,84 p/s,28.9 kp/s,50.7 kp/s,11.0 kp/s,112 p/s,48.5 kp/s
2026-08-20 17:15:30,32.8 kp/s,10.1 kp/s,84 p/s,28.9 kp/s,50.6 kp/s,11.0 kp/s,112 p/s,48.4 kp/s
2026-08-20 17:15:45,32.8 kp/s,10.1 kp/s,84 p/s,28.9 kp/s,50.7 kp/s,11.0 kp/s,112 p/s,48.5 kp/s
2026-08-20 17:16:00,32.8 kp/s,10.1 kp/s,84 p/s,28.9 kp/s,50.7 kp/s,11.0 kp/s,112 p/s,48.4 kp/s
2026-08-20 17:16:15,32.8 kp/s,10.1 kp/s,84 p/s,28.9 kp/s,50.7 kp/s,11.0 kp/s,112 p/s,48.4 kp/s
2026-08-20 17:16:30,32.8 kp/s,10.1 kp/s,84 p/s,28.9 kp/s,50.7 kp/s,11.0 kp/s,112 p/s,48.5 kp/s
2026-08-20 17:16:45,32.8 kp/s,10.1 kp/s,84 p/s,28.9 kp/s,50.7 kp/s,11.0 kp/s,112 p/s,48.5 kp/s
2026-08-20 17:17:00,23.9 kp/s,10.1 kp/s,84 p/s,20.0 kp/s,32.8 kp/s,11.0 kp/s,112 p/s,30.6 kp/s
2026-08-20 17:17:15,17.9 kp/s,10.1 kp/s,84 p/s,13.9 kp/s,20.7 kp/s,11.0 kp/s,112 p/s,18.5 kp/s
2026-08-20 17:17:30,17.9 kp/s,10.1 kp/s,84 p/s,13.9 kp/s,20.7 kp/s,11.0 kp/s,112 p/s,18.5 kp/s
2026-08-20 17:17:45,17.9 kp/s,10.1 kp/s,84 p/s,13.9 kp/s,20.7 kp/s,11.0 kp/s,112 p/s,18.5 kp/s
2026-08-20 17:18:00,17.9 kp/s,10.1 kp/s,84 p/s,13.9 kp/s,20.7 kp/s,11.0 kp/s,112 p/s,18.5 kp/s
2026-08-20 17:18:15,17.9 kp/s,10.1 kp/s,84 p/s,13.9 kp/s,20.7 kp/s,11.0 kp/s,112 p/s,18.5 kp/s
2026-08-20 17:18:30,17.9 kp/s,10.1 kp/s,84 p/s,14.0 kp/s,20.7 kp/s,11.0 kp/s,112 p/s,18.5 kp/s
2026-08-20 17:18:45,17.8 kp/s,10.1 kp/s,84 p/s,13.9 kp/s,20.7 kp/s,11.0 kp/s,112 p/s,18.4 kp/s
2026-08-20 17:19:00,17.9 kp/s,10.1 kp/s,84 p/s,14.0 kp/s,20.7 kp/s,11.0 kp/s,112 p/s,18.5 kp/s
2026-08-20 17:19:15,17.8 kp/s,10.1 kp/s,84 p/s,13.9 kp/s,20.7 kp/s,11.0 kp/s,112 p/s,18.5 kp/s
2026-08-20 17:19:30,17.8 kp/s,10.1 kp/s,84 p/s,13.9 kp/s,20.7 kp/s,11.0 kp/s,112 p/s,18.4 kp/s
2026-08-20 17:19:45,17.9 kp/s,10.1 kp/s,84 p/s,14.0 kp/s,20.7 kp/s,11.0 kp/s,112 p/s,18.5 kp/s
2026-08-20 17:20:00,17.9 kp/s,10.1 kp/s,84 p/s,13.9 kp/s,20.7 kp/s,11.0 kp/s,112 p/s,18.4 kp/s
2026-08-20 17:20:15,17.9 kp/s,10.1 kp/s,84 p/s,13.9 kp/s,20.7 kp/s,11.0 kp/s,112 p/s,18.5 kp/s
2026-08-20 17:20:30,17.9 kp/s,10.1 kp/s,84 p/s,14.0 kp/s,20.7 kp/s,11.0 kp/s,112 p/s,18.5 kp/s
2026-08-20 17:20:45,17.9 kp/s,10.1 kp/s,84 p/s,13.9 kp/s,20.7 kp/s,11.0 kp/s,112 p/s,18.5 kp/s
2026-08-20 17:21:00,17.9 kp/s,10.1 kp/s,84.1 p/s,13.9 kp/s,20.7 kp/s,11.0 kp/s,112 p/s,18.5 kp/s
2026-08-20 17:21:15,17.9 kp/s,10.1 kp/s,84.1 p/s,14.0 kp/s,20.7 kp/s,11.0 kp/s,112 p/s,18.5 kp/s
2026-08-20 17:21:30,17.8 kp/s,10.1 kp/s,83.9 p/s,13.9 kp/s,20.7 kp/s,11.0 kp/s,112 p/s,18.4 kp/s
2026-08-20 17:21:45,17.8 kp/s,10.1 kp/s,84 p/s,13.9 kp/s,20.7 kp/s,11.0 kp/s,112 p/s,18.5 kp/s
2026-08-20 17:22:00,17.9 kp/s,10.1 kp/s,84 p/s,13.9 kp/s,20.7 kp/s,11.0 kp/s,112 p/s,18.5 kp/s
2026-08-20 17:22:15,17.8 kp/s,10.1 kp/s,84 p/s,13.9 kp/s,20.7 kp/s,11.0 kp/s,112 p/s,18.5 kp/s
2026-08-20 17:22:30,17.9 kp/s,10.1 kp/s,84.3 p/s,14.0 kp/s,20.7 kp/s,11.0 kp/s,112 p/s,18.5 kp/s
2026-08-20 17:22:45,17.8 kp/s,10.1 kp/s,83.7 p/s,13.9 kp/s,20.7 kp/s,11.0 kp/s,112 p/s,18.4 kp/s
2026-08-20 17:23:00,17.8 kp/s,10.1 kp/s,84 p/s,13.9 kp/s,20.7 kp/s,11.0 kp/s,112 p/s,18.5 kp/s
2026-08-20 17:23:15,17.9 kp/s,10.1 kp/s,84 p/s,13.9 kp/s,20.7 kp/s,11.0 kp/s,112 p/s,18.5 kp/s
2026-08-20 17:23:30,17.9 kp/s,10.1 kp/s,84.1 p/s,13.9 kp/s,20.7 kp/s,11.0 kp/s,112 p/s,18.5 kp/s
2026-08-20 17:23:45,19.3 kp/s,11.2 kp/s,102 p/s,15.5 kp/s,23.9 kp/s,13.4 kp/s,150 p/s,21.7 kp/s
2026-08-20 17:24:00,17.3 kp/s,11.2 kp/s,261 p/s,14.6 kp/s,23.5 kp/s,15.5 kp/s,479 p/s,22.1 kp/s
2026-08-20 17:24:15,18.0 kp/s,12.7 kp/s,408 p/s,15.7 kp/s,26.2 kp/s,19.4 kp/s,778 p/s,25.1 kp/s
2026-08-20 17:24:30,17.6 kp/s,13.2 kp/s,444 p/s,15.7 kp/s,26.8 kp/s,21.2 kp/s,853 p/s,26.1 kp/s
2026-08-20 17:24:45,19.2 kp/s,14.9 kp/s,551 p/s,17.4 kp/s,30.3 kp/s,24.8 kp/s,1.07 kp/s,29.7 kp/s
2026-08-20 17:25:00,20.4 kp/s,16.5 kp/s,656 p/s,18.8 kp/s,33.1 kp/s,28.2 kp/s,1.28 kp/s,32.8 kp/s
2026-08-20 17:25:15,20.8 kp/s,17.3 kp/s,755 p/s,19.4 kp/s,34.6 kp/s,30.4 kp/s,1.48 kp/s,34.5 kp/s
2026-08-20 17:25:30,22.4 kp/s,18.8 kp/s,842 p/s,20.8 kp/s,37.7 kp/s,33.2 kp/s,1.66 kp/s,37.2 kp/s
2026-08-20 17:25:45,21.8 kp/s,18.3 kp/s,818 p/s,20.3 kp/s,36.7 kp/s,32.3 kp/s,1.61 kp/s,36.2 kp/s
2026-08-20 17:26:00,22.0 kp/s,18.4 kp/s,822 p/s,20.4 kp/s,36.9 kp/s,32.5 kp/s,1.62 kp/s,36.4 kp/s
2026-08-20 17:26:15,22.0 kp/s,18.4 kp/s,823 p/s,20.4 kp/s,37.0 kp/s,32.5 kp/s,1.62 kp/s,36.5 kp/s
2026-08-20 17:26:30,22.1 kp/s,18.5 kp/s,820 p/s,20.5 kp/s,37.1 kp/s,32.6 kp/s,1.61 kp/s,36.5 kp/s
2026-08-20 17:26:45,21.9 kp/s,18.3 kp/s,816 p/s,20.3 kp/s,36.7 kp/s,32.3 kp/s,1.61 kp/s,36.2 kp/s
2026-08-20 17:27:00,21.8 kp/s,18.3 kp/s,814 p/s,20.3 kp/s,36.7 kp/s,32.2 kp/s,1.60 kp/s,36.1 kp/s
2026-08-20 17:27:15,22.3 kp/s,18.7 kp/s,836 p/s,20.7 kp/s,37.5 kp/s,33.0 kp/s,1.65 kp/s,37.0 kp/s
2026-08-20 17:27:30,22.2 kp/s,18.6 kp/s,834 p/s,20.6 kp/s,37.4 kp/s,32.8 kp/s,1.64 kp/s,36.8 kp/s
2026-08-20 17:27:45,22.1 kp/s,18.6 kp/s,828 p/s,20.6 kp/s,37.3 kp/s,32.8 kp/s,1.63 kp/s,36.8 kp/s
2026-08-20 17:28:00,22.0 kp/s,18.4 kp/s,828 p/s,20.4 kp/s,37.0 kp/s,32.6 kp/s,1.63 kp/s,36.5 kp/s
2026-08-20 17:28:15,21.8 kp/s,18.2 kp/s,811 p/s,20.2 kp/s,36.6 kp/s,32.2 kp/s,1.60 kp/s,36.0 kp/s
2026-08-20 17:28:30,21.9 kp/s,18.4 kp/s,818 p/s,20.3 kp/s,36.8 kp/s,32.4 kp/s,1.61 kp/s,36.3 kp/s
2026-08-20 17:28:45,22.0 kp/s,18.5 kp/s,827 p/s,20.5 kp/s,37.1 kp/s,32.7 kp/s,1.63 kp/s,36.6 kp/s
2026-08-20 17:29:00,21.8 kp/s,18.3 kp/s,823 p/s,20.3 kp/s,36.7 kp/s,32.3 kp/s,1.62 kp/s,36.2 kp/s
2026-08-20 17:29:15,22.1 kp/s,18.6 kp/s,830 p/s,20.6 kp/s,37.3 kp/s,32.9 kp/s,1.63 kp/s,36.8 kp/s
2026-08-20 17:29:30,21.9 kp/s,18.5 kp/s,830 p/s,20.4 kp/s,37.0 kp/s,32.7 kp/s,1.63 kp/s,36.5 kp/s
2026-08-20 17:29:45,22.0 kp/s,18.4 kp/s,826 p/s,20.4 kp/s,37.0 kp/s,32.6 kp/s,1.63 kp/s,36.4 kp/s
2026-08-20 17:30:00,22.0 kp/s,18.4 kp/s,826 p/s,20.4 kp/s,37.0 kp/s,32.6 kp/s,1.63 kp/s,36.5 kp/s
2026-08-20 17:30:15,21.9 kp/s,18.4 kp/s,819 p/s,20.4 kp/s,36.9 kp/s,32.4 kp/s,1.61 kp/s,36.3 kp/s
2026-08-20 17:30:30,22.0 kp/s,18.5 kp/s,827 p/s,20.5 kp/s,37.1 kp/s,32.7 kp/s,1.63 kp/s,36.6 kp/s
2026-08-20 17:30:45,21.7 kp/s,18.2 kp/s,815 p/s,20.2 kp/s,36.6 kp/s,32.1 kp/s,1.60 kp/s,36.0 kp/s
2026-08-20 17:31:00,21.8 kp/s,18.4 kp/s,823 p/s,20.3 kp/s,36.8 kp/s,32.5 kp/s,1.62 kp/s,36.4 kp/s
2026-08-20 17:31:15,21.8 kp/s,18.3 kp/s,816 p/s,20.2 kp/s,36.6 kp/s,32.2 kp/s,1.60 kp/s,36.1 kp/s
2026-08-20 17:31:30,22.1 kp/s,18.5 kp/s,820 p/s,20.6 kp/s,37.2 kp/s,32.6 kp/s,1.61 kp/s,36.6 kp/s
2026-08-20 17:31:45,22.3 kp/s,18.7 kp/s,838 p/s,20.7 kp/s,37.5 kp/s,33.0 kp/s,1.65 kp/s,36.9 kp/s
2026-08-20 17:32:00,22.1 kp/s,18.5 kp/s,829 p/s,20.5 kp/s,37.1 kp/s,32.7 kp/s,1.63 kp/s,36.6 kp/s
2026-08-20 17:32:15,22.1 kp/s,18.5 kp/s,824 p/s,20.5 kp/s,37.1 kp/s,32.6 kp/s,1.62 kp/s,36.6 kp/s
2026-08-20 17:32:30,22.1 kp/s,18.5 kp/s,832 p/s,20.6 kp/s,37.2 kp/s,32.8 kp/s,1.64 kp/s,36.7 kp/s
2026-08-20 17:32:45,21.7 kp/s,18.1 kp/s,806 p/s,20.1 kp/s,36.3 kp/s,31.9 kp/s,1.59 kp/s,35.8 kp/s
2026-08-20 17:33:00,22.1 kp/s,18.5 kp/s,823 p/s,20.5 kp/s,37.1 kp/s,32.6 kp/s,1.62 kp/s,36.5 kp/s
2026-08-20 17:33:15,22.0 kp/s,18.5 kp/s,826 p/s,20.5 kp/s,37.0 kp/s,32.6 kp/s,1.63 kp/s,36.5 kp/s
2026-08-20 17:33:30,22.1 kp/s,18.6 kp/s,831 p/s,20.6 kp/s,37.2 kp/s,32.8 kp/s,1.64 kp/s,36.7 kp/s
2026-08-20 17:33:45,22.3 kp/s,18.7 kp/s,838 p/s,20.8 kp/s,37.6 kp/s,33.1 kp/s,1.65 kp/s,37.1 kp/s
2026-08-20 17:34:00,24.0 kp/s,18.7 kp/s,833 p/s,21.7 kp/s,41.0 kp/s,33.1 kp/s,1.64 kp/s,39.0 kp/s
2026-08-20 17:34:15,27.6 kp/s,19.0 kp/s,842 p/s,23.6 kp/s,48.1 kp/s,33.6 kp/s,1.66 kp/s,42.7 kp/s
2026-08-20 17:34:30,29.6 kp/s,18.2 kp/s,783 p/s,24.3 kp/s,52.1 kp/s,32.1 kp/s,1.54 kp/s,44.2 kp/s
2026-08-20 17:34:45,31.6 kp/s,17.5 kp/s,733 p/s,24.9 kp/s,56.2 kp/s,30.8 kp/s,1.44 kp/s,45.4 kp/s
2026-08-20 17:35:00,32.8 kp/s,16.6 kp/s,675 p/s,25.0 kp/s,58.5 kp/s,28.9 kp/s,1.32 kp/s,45.5 kp/s
2026-08-20 17:35:15,34.2 kp/s,16.1 kp/s,637 p/s,25.4 kp/s,61.4 kp/s,27.9 kp/s,1.25 kp/s,46.5 kp/s
2026-08-20 17:35:30,34.5 kp/s,15.6 kp/s,589 p/s,25.2 kp/s,61.9 kp/s,26.8 kp/s,1.15 kp/s,45.9 kp/s
2026-08-20 17:35:45,35.4 kp/s,15.8 kp/s,596 p/s,25.7 kp/s,63.7 kp/s,27.3 kp/s,1.17 kp/s,46.9 kp/s
2026-08-20 17:36:00,34.3 kp/s,15.4 kp/s,582 p/s,24.9 kp/s,61.8 kp/s,26.5 kp/s,1.14 kp/s,45.5 kp/s
2026-08-20 17:36:15,34.6 kp/s,15.5 kp/s,583 p/s,25.1 kp/s,62.2 kp/s,26.7 kp/s,1.14 kp/s,45.8 kp/s
2026-08-20 17:36:30,35.2 kp/s,15.8 kp/s,596 p/s,25.5 kp/s,63.5 kp/s,27.2 kp/s,1.17 kp/s,46.7 kp/s
2026-08-20 17:36:45,35.0 kp/s,15.7 kp/s,589 p/s,25.4 kp/s,63.0 kp/s,27.0 kp/s,1.15 kp/s,46.4 kp/s
2026-08-20 17:37:00,35.7 kp/s,15.9 kp/s,604 p/s,25.9 kp/s,64.3 kp/s,27.5 kp/s,1.18 kp/s,47.3 kp/s
2026-08-20 17:37:15,34.8 kp/s,15.6 kp/s,589 p/s,25.2 kp/s,62.6 kp/s,26.8 kp/s,1.15 kp/s,46.0 kp/s
2026-08-20 17:37:30,35.0 kp/s,15.7 kp/s,587 p/s,25.4 kp/s,62.9 kp/s,27.0 kp/s,1.15 kp/s,46.3 kp/s
2026-08-20 17:37:45,34.8 kp/s,15.6 kp/s,585 p/s,25.3 kp/s,62.7 kp/s,26.8 kp/s,1.14 kp/s,46.1 kp/s
2026-08-20 17:38:00,35.0 kp/s,15.7 kp/s,592 p/s,25.4 kp/s,63.0 kp/s,27.0 kp/s,1.16 kp/s,46.4 kp/s
2026-08-20 17:38:15,35.2 kp/s,15.7 kp/s,592 p/s,25.5 kp/s,63.3 kp/s,27.1 kp/s,1.16 kp/s,46.6 kp/s
2026-08-20 17:38:30,34.4 kp/s,15.4 kp/s,583 p/s,24.9 kp/s,61.8 kp/s,26.6 kp/s,1.14 kp/s,45.5 kp/s
2026-08-20 17:38:45,35.1 kp/s,15.7 kp/s,591 p/s,25.4 kp/s,63.1 kp/s,27.0 kp/s,1.16 kp/s,46.4 kp/s
2026-08-20 17:39:00,33.8 kp/s,15.2 kp/s,569 p/s,24.6 kp/s,60.7 kp/s,26.1 kp/s,1.11 kp/s,44.8 kp/s
2026-08-20 17:39:15,35.7 kp/s,16.0 kp/s,603 p/s,25.9 kp/s,64.3 kp/s,27.5 kp/s,1.18 kp/s,47.3 kp/s
2026-08-20 17:39:30,35.2 kp/s,15.7 kp/s,596 p/s,25.5 kp/s,63.4 kp/s,27.1 kp/s,1.16 kp/s,46.6 kp/s
2026-08-20 17:39:45,34.6 kp/s,15.5 kp/s,583 p/s,25.1 kp/s,62.2 kp/s,26.7 kp/s,1.14 kp/s,45.8 kp/s
2026-08-20 17:40:00,34.6 kp/s,15.5 kp/s,582 p/s,25.1 kp/s,62.2 kp/s,26.7 kp/s,1.14 kp/s,45.8 kp/s
2026-08-20 17:40:15,34.6 kp/s,15.5 kp/s,580 p/s,25.1 kp/s,62.1 kp/s,26.6 kp/s,1.13 kp/s,45.7 kp/s
2026-08-20 17:40:30,35.7 kp/s,16.0 kp/s,607 p/s,25.9 kp/s,64.4 kp/s,27.6 kp/s,1.19 kp/s,47.3 kp/s
2026-08-20 17:40:45,35.3 kp/s,15.8 kp/s,595 p/s,25.6 kp/s,63.5 kp/s,27.2 kp/s,1.16 kp/s,46.7 kp/s
2026-08-20 17:41:00,35.2 kp/s,15.8 kp/s,597 p/s,25.6 kp/s,63.4 kp/s,27.2 kp/s,1.17 kp/s,46.7 kp/s
2026-08-20 17:41:15,35.2 kp/s,15.7 kp/s,596 p/s,25.5 kp/s,63.3 kp/s,27.1 kp/s,1.17 kp/s,46.5 kp/s
2026-08-20 17:41:30,35.2 kp/s,15.7 kp/s,593 p/s,25.5 kp/s,63.2 kp/s,27.1 kp/s,1.16 kp/s,46.5 kp/s
2026-08-20 17:41:45,34.0 kp/s,15.2 kp/s,572 p/s,24.6 kp/s,61.0 kp/s,26.1 kp/s,1.12 kp/s,44.9 kp/s
2026-08-20 17:42:00,36.3 kp/s,16.2 kp/s,614 p/s,26.3 kp/s,65.4 kp/s,28.0 kp/s,1.20 kp/s,48.1 kp/s
2026-08-20 17:42:15,35.0 kp/s,15.7 kp/s,589 p/s,25.4 kp/s,63.0 kp/s,27.0 kp/s,1.15 kp/s,46.3 kp/s
2026-08-20 17:42:30,34.4 kp/s,15.4 kp/s,580 p/s,25.0 kp/s,61.9 kp/s,26.6 kp/s,1.13 kp/s,45.6 kp/s
2026-08-20 17:42:45,35.4 kp/s,15.8 kp/s,598 p/s,25.7 kp/s,63.7 kp/s,27.3 kp/s,1.17 kp/s,46.9 kp/s
2026-08-20 17:43:00,36.0 kp/s,16.1 kp/s,611 p/s,26.1 kp/s,65.0 kp/s,27.8 kp/s,1.19 kp/s,47.8 kp/s
2026-08-20 17:43:15,34.6 kp/s,15.5 kp/s,586 p/s,25.1 kp/s,62.2 kp/s,26.7 kp/s,1.14 kp/s,45.8 kp/s
2026-08-20 17:43:30,35.0 kp/s,15.7 kp/s,588 p/s,25.4 kp/s,63.0 kp/s,27.0 kp/s,1.15 kp/s,46.4 kp/s
2026-08-20 17:43:45,34.7 kp/s,15.5 kp/s,586 p/s,25.2 kp/s,62.3 kp/s,26.7 kp/s,1.14 kp/s,45.9 kp/s
2026-08-20 17:44:00,34.8 kp/s,15.7 kp/s,604 p/s,25.3 kp/s,60.8 kp/s,26.7 kp/s,1.06 kp/s,45.6 kp/s
2026-08-20 17:44:15,34.2 kp/s,15.9 kp/s,625 p/s,25.1 kp/s,57.6 kp/s,26.2 kp/s,1.01 kp/s,44.2 kp/s
2026-08-20 17:44:30,34.3 kp/s,16.8 kp/s,767 p/s,25.4 kp/s,56.3 kp/s,26.6 kp/s,1.19 kp/s,41.7 kp/s
2026-08-20 17:44:45,36.3 kp/s,18.3 kp/s,959 p/s,27.0 kp/s,59.0 kp/s,27.6 kp/s,1.53 kp/s,40.4 kp/s
2026-08-20 17:45:00,36.2 kp/s,18.9 kp/s,979 p/s,27.2 kp/s,57.4 kp/s,26.7 kp/s,1.50 kp/s,38.7 kp/s
2026-08-20 17:45:15,36.7 kp/s,19.8 kp/s,1.06 kp/s,27.8 kp/s,57.1 kp/s,24.9 kp/s,1.60 kp/s,38.8 kp/s
2026-08-20 17:45:30,36.2 kp/s,20.0 kp/s,1.19 kp/s,27.5 kp/s,55.9 kp/s,23.0 kp/s,1.83 kp/s,37.5 kp/s
2026-08-20 17:45:45,36.9 kp/s,20.6 kp/s,1.24 kp/s,28.0 kp/s,57.3 kp/s,24.1 kp/s,1.91 kp/s,38.3 kp/s
2026-08-20 17:46:00,37.0 kp/s,20.6 kp/s,1.25 kp/s,28.0 kp/s,57.5 kp/s,24.2 kp/s,1.93 kp/s,38.4 kp/s
2026-08-20 17:46:15,37.2 kp/s,20.8 kp/s,1.26 kp/s,28.2 kp/s,57.9 kp/s,24.4 kp/s,1.95 kp/s,38.6 kp/s
2026-08-20 17:46:30,37.3 kp/s,20.8 kp/s,1.25 kp/s,28.2 kp/s,57.9 kp/s,24.3 kp/s,1.94 kp/s,38.6 kp/s
2026-08-20 17:46:45,37.1 kp/s,20.7 kp/s,1.25 kp/s,28.1 kp/s,57.6 kp/s,24.3 kp/s,1.94 kp/s,38.5 kp/s
2026-08-20 17:47:00,37.3 kp/s,20.8 kp/s,1.26 kp/s,28.2 kp/s,58.0 kp/s,24.4 kp/s,1.95 kp/s,38.7 kp/s
2026-08-20 17:47:15,37.2 kp/s,20.8 kp/s,1.26 kp/s,28.2 kp/s,57.9 kp/s,24.3 kp/s,1.95 kp/s,38.6 kp/s
2026-08-20 17:47:30,37.0 kp/s,20.7 kp/s,1.25 kp/s,28.1 kp/s,57.5 kp/s,24.3 kp/s,1.94 kp/s,38.4 kp/s
2026-08-20 17:47:45,37.2 kp/s,20.8 kp/s,1.26 kp/s,28.2 kp/s,57.8 kp/s,24.3 kp/s,1.95 kp/s,38.6 kp/s
2026-08-20 17:48:00,37.8 kp/s,21.1 kp/s,1.29 kp/s,28.6 kp/s,58.8 kp/s,24.8 kp/s,1.99 kp/s,39.2 kp/s
2026-08-20 17:48:15,37.3 kp/s,20.8 kp/s,1.27 kp/s,28.2 kp/s,58.1 kp/s,24.5 kp/s,1.96 kp/s,38.7 kp/s
2026-08-20 17:48:30,37.1 kp/s,20.7 kp/s,1.26 kp/s,28.1 kp/s,57.6 kp/s,24.3 kp/s,1.94 kp/s,38.5 kp/s
2026-08-20 17:48:45,36.9 kp/s,20.6 kp/s,1.25 kp/s,28.0 kp/s,57.3 kp/s,24.2 kp/s,1.93 kp/s,38.3 kp/s
2026-08-20 17:49:00,37.6 kp/s,21.0 kp/s,1.27 kp/s,28.5 kp/s,58.5 kp/s,24.6 kp/s,1.97 kp/s,39.0 kp/s
2026-08-20 17:49:15,37.1 kp/s,20.7 kp/s,1.25 kp/s,28.1 kp/s,57.6 kp/s,24.2 kp/s,1.94 kp/s,38.4 kp/s
2026-08-20 17:49:30,37.7 kp/s,21.1 kp/s,1.28 kp/s,28.5 kp/s,58.7 kp/s,24.7 kp/s,1.99 kp/s,39.1 kp/s
2026-08-20 17:49:45,37.6 kp/s,21.0 kp/s,1.28 kp/s,28.5 kp/s,58.4 kp/s,24.6 kp/s,1.98 kp/s,39.0 kp/s
2026-08-20 17:50:00,38.5 kp/s,21.5 kp/s,1.30 kp/s,29.1 kp/s,59.8 kp/s,25.1 kp/s,2.01 kp/s,39.9 kp/s
2026-08-20 17:50:15,37.5 kp/s,20.9 kp/s,1.26 kp/s,28.3 kp/s,58.2 kp/s,24.4 kp/s,1.96 kp/s,38.8 kp/s
2026-08-20 17:50:30,36.6 kp/s,20.4 kp/s,1.23 kp/s,27.7 kp/s,56.8 kp/s,23.9 kp/s,1.91 kp/s,37.9 kp/s
2026-08-20 17:50:45,36.7 kp/s,20.5 kp/s,1.24 kp/s,27.8 kp/s,57.0 kp/s,24.0 kp/s,1.91 kp/s,38.1 kp/s
2026-08-20 17:51:00,36.7 kp/s,20.5 kp/s,1.24 kp/s,27.8 kp/s,57.0 kp/s,24.0 kp/s,1.91 kp/s,38.1 kp/s
2026-08-20 17:51:15,37.1 kp/s,20.7 kp/s,1.25 kp/s,28.1 kp/s,57.6 kp/s,24.2 kp/s,1.94 kp/s,38.4 kp/s
2026-08-20 17:51:30,36.6 kp/s,20.5 kp/s,1.23 kp/s,27.7 kp/s,56.9 kp/s,24.0 kp/s,1.91 kp/s,38.0 kp/s
2026-08-20 17:51:45,36.6 kp/s,20.4 kp/s,1.23 kp/s,27.7 kp/s,56.7 kp/s,23.9 kp/s,1.91 kp/s,37.9 kp/s
2026-08-20 17:52:00,36.9 kp/s,20.6 kp/s,1.24 kp/s,27.9 kp/s,57.3 kp/s,24.1 kp/s,1.92 kp/s,38.2 kp/s
2026-08-20 17:52:15,37.1 kp/s,20.7 kp/s,1.26 kp/s,28.1 kp/s,57.7 kp/s,24.2 kp/s,1.94 kp/s,38.5 kp/s
2026-08-20 17:52:30,36.6 kp/s,20.4 kp/s,1.23 kp/s,27.7 kp/s,56.8 kp/s,23.9 kp/s,1.91 kp/s,38.0 kp/s
2026-08-20 17:52:45,36.7 kp/s,20.5 kp/s,1.24 kp/s,27.8 kp/s,57.0 kp/s,24.0 kp/s,1.92 kp/s,38.0 kp/s
2026-08-20 17:53:00,36.7 kp/s,20.5 kp/s,1.24 kp/s,27.8 kp/s,57.0 kp/s,24.0 kp/s,1.92 kp/s,38.1 kp/s
2026-08-20 17:53:15,36.6 kp/s,20.4 kp/s,1.24 kp/s,27.7 kp/s,56.8 kp/s,23.9 kp/s,1.91 kp/s,37.9 kp/s
2026-08-20 17:53:30,36.7 kp/s,20.5 kp/s,1.24 kp/s,27.8 kp/s,56.9 kp/s,24.0 kp/s,1.91 kp/s,38.0 kp/s
2026-08-20 17:53:45,36.7 kp/s,20.5 kp/s,1.24 kp/s,27.7 kp/s,56.9 kp/s,24.0 kp/s,1.91 kp/s,38.0 kp/s
2026-08-20 17:54:00,36.8 kp/s,20.6 kp/s,1.26 kp/s,27.8 kp/s,57.5 kp/s,24.3 kp/s,1.95 kp/s,38.3 kp/s
2026-08-20 17:54:15,37.0 kp/s,20.8 kp/s,1.29 kp/s,27.8 kp/s,58.5 kp/s,25.1 kp/s,2.02 kp/s,38.8 kp/s
2026-08-20 17:54:30,38.7 kp/s,21.9 kp/s,1.41 kp/s,29.1 kp/s,60.8 kp/s,25.8 kp/s,2.29 kp/s,39.5 kp/s
2026-08-20 17:54:45,36.7 kp/s,21.6 kp/s,1.19 kp/s,28.2 kp/s,56.2 kp/s,24.1 kp/s,1.80 kp/s,36.6 kp/s
2026-08-20 17:55:00,33.0 kp/s,20.6 kp/s,1.21 kp/s,25.9 kp/s,49.0 kp/s,21.4 kp/s,1.79 kp/s,31.3 kp/s
2026-08-20 17:55:15,30.0 kp/s,20.1 kp/s,1.15 kp/s,24.3 kp/s,42.1 kp/s,19.0 kp/s,1.61 kp/s,26.5 kp/s
2026-08-20 17:55:30,26.5 kp/s,19.3 kp/s,953 p/s,22.4 kp/s,34.0 kp/s,15.6 kp/s,1.15 kp/s,20.8 kp/s
2026-08-20 17:55:45,24.0 kp/s,19.0 kp/s,851 p/s,21.4 kp/s,27.0 kp/s,12.0 kp/s,825 p/s,15.7 kp/s
2026-08-20 17:56:00,24.2 kp/s,19.2 kp/s,827 p/s,22.0 kp/s,26.2 kp/s,10.9 kp/s,726 p/s,15.4 kp/s
2026-08-20 17:56:15,24.5 kp/s,19.6 kp/s,844 p/s,22.4 kp/s,26.6 kp/s,11.1 kp/s,740 p/s,15.5 kp/s
2026-08-20 17:56:30,24.5 kp/s,19.6 kp/s,849 p/s,22.3 kp/s,26.6 kp/s,11.0 kp/s,747 p/s,15.4 kp/s
2026-08-20 17:56:45,24.5 kp/s,19.6 kp/s,846 p/s,22.3 kp/s,26.5 kp/s,11.0 kp/s,746 p/s,15.4 kp/s
2026-08-20 17:57:00,24.7 kp/s,19.8 kp/s,858 p/s,22.5 kp/s,26.8 kp/s,11.1 kp/s,753 p/s,15.5 kp/s
2026-08-20 17:57:15,24.4 kp/s,19.5 kp/s,846 p/s,22.2 kp/s,26.5 kp/s,10.9 kp/s,747 p/s,15.4 kp/s
2026-08-20 17:57:30,24.2 kp/s,19.4 kp/s,846 p/s,22.1 kp/s,26.2 kp/s,10.9 kp/s,745 p/s,15.1 kp/s
2026-08-20 17:57:45,24.4 kp/s,19.6 kp/s,853 p/s,22.3 kp/s,26.4 kp/s,11.0 kp/s,753 p/s,15.2 kp/s
2026-08-20 17:58:00,24.5 kp/s,19.7 kp/s,855 p/s,22.4 kp/s,26.6 kp/s,11.0 kp/s,755 p/s,15.4 kp/s
2026-08-20 17:58:15,24.5 kp/s,19.6 kp/s,855 p/s,22.3 kp/s,26.5 kp/s,11.0 kp/s,754 p/s,15.3 kp/s
2026-08-20 17:58:30,24.4 kp/s,19.6 kp/s,854 p/s,22.3 kp/s,26.4 kp/s,11.0 kp/s,754 p/s,15.3 kp/s
2026-08-20 17:58:45,24.3 kp/s,19.5 kp/s,847 p/s,22.2 kp/s,26.3 kp/s,10.9 kp/s,744 p/s,15.2 kp/s
2026-08-20 17:59:00,24.6 kp/s,19.7 kp/s,862 p/s,22.5 kp/s,26.7 kp/s,11.0 kp/s,760 p/s,15.4 kp/s
2026-08-20 17:59:15,24.3 kp/s,19.5 kp/s,849 p/s,22.2 kp/s,26.3 kp/s,11.0 kp/s,748 p/s,15.2 kp/s
2026-08-20 17:59:30,24.5 kp/s,19.7 kp/s,864 p/s,22.4 kp/s,26.6 kp/s,11.0 kp/s,761 p/s,15.3 kp/s
2026-08-20 17:59:45,24.4 kp/s,19.6 kp/s,858 p/s,22.3 kp/s,26.4 kp/s,11.0 kp/s,754 p/s,15.2 kp/s
2026-08-20 18:00:00,24.3 kp/s,19.5 kp/s,852 p/s,22.2 kp/s,26.3 kp/s,10.9 kp/s,752 p/s,15.2 kp/s
2026-08-20 18:00:15,24.4 kp/s,19.6 kp/s,851 p/s,22.3 kp/s,26.4 kp/s,11.0 kp/s,749 p/s,15.3 kp/s
2026-08-20 18:00:30,24.5 kp/s,19.6 kp/s,856 p/s,22.3 kp/s,26.5 kp/s,11.0 kp/s,756 p/s,15.3 kp/s
2026-08-20 18:00:45,24.5 kp/s,19.6 kp/s,852 p/s,22.3 kp/s,26.6 kp/s,11.0 kp/s,753 p/s,15.4 kp/s
2026-08-20 18:01:00,24.5 kp/s,19.6 kp/s,851 p/s,22.3 kp/s,26.5 kp/s,11.0 kp/s,752 p/s,15.4 kp/s
2026-08-20 18:01:15,24.4 kp/s,19.6 kp/s,851 p/s,22.3 kp/s,26.4 kp/s,11.0 kp/s,751 p/s,15.2 kp/s
2026-08-20 18:01:30,24.7 kp/s,19.8 kp/s,861 p/s,22.5 kp/s,26.7 kp/s,11.1 kp/s,758 p/s,15.4 kp/s
2026-08-20 18:01:45,24.6 kp/s,19.7 kp/s,860 p/s,22.4 kp/s,26.6 kp/s,11.0 kp/s,761 p/s,15.4 kp/s
2026-08-20 18:02:00,24.5 kp/s,19.7 kp/s,860 p/s,22.4 kp/s,26.5 kp/s,11.0 kp/s,759 p/s,15.3 kp/s
2026-08-20 18:02:15,24.5 kp/s,19.7 kp/s,859 p/s,22.4 kp/s,26.5 kp/s,11.0 kp/s,752 p/s,15.3 kp/s
2026-08-20 18:02:30,24.5 kp/s,19.6 kp/s,853 p/s,22.3 kp/s,26.6 kp/s,11.0 kp/s,754 p/s,15.4 kp/s
2026-08-20 18:02:45,24.4 kp/s,19.5 kp/s,850 p/s,22.2 kp/s,26.4 kp/s,11.0 kp/s,752 p/s,15.3 kp/s
2026-08-20 18:03:00,24.6 kp/s,19.7 kp/s,856 p/s,22.5 kp/s,26.7 kp/s,11.0 kp/s,759 p/s,15.4 kp/s
2026-08-20 18:03:15,24.5 kp/s,19.6 kp/s,858 p/s,22.3 kp/s,26.5 kp/s,11.0 kp/s,757 p/s,15.3 kp/s
2026-08-20 18:03:30,24.3 kp/s,19.5 kp/s,848 p/s,22.2 kp/s,26.3 kp/s,10.9 kp/s,745 p/s,15.2 kp/s
2026-08-20 18:03:45,24.5 kp/s,19.7 kp/s,861 p/s,22.4 kp/s,26.6 kp/s,11.0 kp/s,759 p/s,15.3 kp/s
2026-08-20 18:04:00,24.2 kp/s,19.5 kp/s,849 p/s,22.2 kp/s,26.3 kp/s,10.9 kp/s,747 p/s,15.1 kp/s
2026-08-20 18:04:15,24.4 kp/s,19.6 kp/s,852 p/s,22.2 kp/s,26.3 kp/s,11.0 kp/s,751 p/s,15.2 kp/s
2026-08-20 18:04:30,24.6 kp/s,19.7 kp/s,858 p/s,22.4 kp/s,26.6 kp/s,11.0 kp/s,754 p/s,15.4 kp/s
2026-08-20 18:04:45,25.0 kp/s,20.5 kp/s,1.47 kp/s,23.3 kp/s,27.7 kp/s,12.7 kp/s,1.97 kp/s,17.3 kp/s
2026-08-20 18:05:00,24.1 kp/s,21.3 kp/s,3.34 kp/s,23.7 kp/s,27.3 kp/s,16.6 kp/s,5.80 kp/s,20.4 kp/s
2026-08-20 18:05:15,22.8 kp/s,21.7 kp/s,4.89 kp/s,23.9 kp/s,26.2 kp/s,19.7 kp/s,9.01 kp/s,23.2 kp/s
2026-08-20 18:05:30,22.2 kp/s,22.5 kp/s,6.36 kp/s,24.6 kp/s,25.8 kp/s,22.6 kp/s,12.0 kp/s,25.9 kp/s
2026-08-20 18:05:45,21.6 kp/s,23.4 kp/s,7.86 kp/s,25.3 kp/s,25.3 kp/s,25.4 kp/s,15.0 kp/s,28.5 kp/s
2026-08-20 18:06:00,21.4 kp/s,24.4 kp/s,9.12 kp/s,26.2 kp/s,25.2 kp/s,28.0 kp/s,17.6 kp/s,30.9 kp/s
2026-08-20 18:06:15,21.0 kp/s,25.0 kp/s,10.1 kp/s,26.6 kp/s,25.1 kp/s,30.1 kp/s,19.6 kp/s,32.5 kp/s
2026-08-20 18:06:30,21.0 kp/s,25.0 kp/s,10.2 kp/s,26.5 kp/s,25.3 kp/s,30.5 kp/s,19.9 kp/s,32.9 kp/s
2026-08-20 18:06:45,21.1 kp/s,25.2 kp/s,10.3 kp/s,26.7 kp/s,25.4 kp/s,30.7 kp/s,20.0 kp/s,33.0 kp/s
2026-08-20 18:07:00,21.0 kp/s,25.1 kp/s,10.3 kp/s,26.6 kp/s,25.3 kp/s,30.7 kp/s,20.1 kp/s,32.9 kp/s
2026-08-20 18:07:15,21.2 kp/s,25.2 kp/s,10.4 kp/s,26.8 kp/s,25.5 kp/s,30.8 kp/s,20.1 kp/s,33.1 kp/s
2026-08-20 18:07:30,21.2 kp/s,25.2 kp/s,10.3 kp/s,26.7 kp/s,25.5 kp/s,30.8 kp/s,20.1 kp/s,33.1 kp/s
2026-08-20 18:07:45,21.0 kp/s,25.1 kp/s,10.3 kp/s,26.6 kp/s,25.3 kp/s,30.6 kp/s,20.0 kp/s,32.9 kp/s
2026-08-20 18:08:00,21.3 kp/s,25.4 kp/s,10.4 kp/s,26.9 kp/s,25.6 kp/s,31.0 kp/s,20.2 kp/s,33.3 kp/s
2026-08-20 18:08:15,21.2 kp/s,25.3 kp/s,10.4 kp/s,26.8 kp/s,25.4 kp/s,30.9 kp/s,20.1 kp/s,33.1 kp/s
2026-08-20 18:08:30,21.2 kp/s,25.2 kp/s,10.3 kp/s,26.7 kp/s,25.5 kp/s,30.8 kp/s,20.0 kp/s,33.1 kp/s
2026-08-20 18:08:45,20.8 kp/s,24.8 kp/s,10.2 kp/s,26.3 kp/s,25.0 kp/s,30.3 kp/s,19.8 kp/s,32.6 kp/s
2026-08-20 18:09:00,21.1 kp/s,25.2 kp/s,10.4 kp/s,26.7 kp/s,25.4 kp/s,30.8 kp/s,20.1 kp/s,33.0 kp/s
2026-08-20 18:09:15,21.0 kp/s,25.0 kp/s,10.3 kp/s,26.5 kp/s,25.2 kp/s,30.5 kp/s,19.9 kp/s,32.8 kp/s
2026-08-20 18:09:30,20.7 kp/s,24.6 kp/s,10.0 kp/s,26.1 kp/s,24.9 kp/s,30.0 kp/s,19.5 kp/s,32.3 kp/s
2026-08-20 18:09:45,20.9 kp/s,24.7 kp/s,10.1 kp/s,26.3 kp/s,25.1 kp/s,30.2 kp/s,19.6 kp/s,32.5 kp/s
2026-08-20 18:10:00,21.0 kp/s,24.9 kp/s,10.2 kp/s,26.5 kp/s,25.3 kp/s,30.4 kp/s,19.8 kp/s,32.8 kp/s
2026-08-20 18:10:15,21.2 kp/s,25.3 kp/s,10.4 kp/s,26.8 kp/s,25.5 kp/s,30.9 kp/s,20.2 kp/s,33.2 kp/s
2026-08-20 18:10:30,20.8 kp/s,24.8 kp/s,10.2 kp/s,26.3 kp/s,25.1 kp/s,30.3 kp/s,19.7 kp/s,32.6 kp/s
2026-08-20 18:10:45,21.0 kp/s,25.0 kp/s,10.3 kp/s,26.5 kp/s,25.2 kp/s,30.6 kp/s,19.9 kp/s,32.8 kp/s
2026-08-20 18:11:00,21.0 kp/s,25.0 kp/s,10.2 kp/s,26.5 kp/s,25.3 kp/s,30.5 kp/s,19.8 kp/s,32.8 kp/s
2026-08-20 18:11:15,21.3 kp/s,25.5 kp/s,10.5 kp/s,27.0 kp/s,25.6 kp/s,31.1 kp/s,20.3 kp/s,33.4 kp/s
2026-08-20 18:11:30,21.0 kp/s,25.1 kp/s,10.3 kp/s,26.6 kp/s,25.3 kp/s,30.6 kp/s,20.0 kp/s,32.9 kp/s
2026-08-20 18:11:45,20.9 kp/s,24.9 kp/s,10.2 kp/s,26.4 kp/s,25.1 kp/s,30.3 kp/s,19.7 kp/s,32.6 kp/s
2026-08-20 18:12:00,21.0 kp/s,25.0 kp/s,10.2 kp/s,26.5 kp/s,25.2 kp/s,30.5 kp/s,19.8 kp/s,32.7 kp/s
2026-08-20 18:12:15,20.9 kp/s,24.8 kp/s,10.2 kp/s,26.4 kp/s,25.1 kp/s,30.3 kp/s,19.7 kp/s,32.6 kp/s
2026-08-20 18:12:30,20.8 kp/s,24.7 kp/s,10.1 kp/s,26.2 kp/s,25.1 kp/s,30.1 kp/s,19.6 kp/s,32.4 kp/s
2026-08-20 18:12:45,21.0 kp/s,25.0 kp/s,10.2 kp/s,26.5 kp/s,25.2 kp/s,30.5 kp/s,19.8 kp/s,32.7 kp/s
2026-08-20 18:13:00,21.0 kp/s,25.0 kp/s,10.2 kp/s,26.5 kp/s,25.3 kp/s,30.5 kp/s,19.8 kp/s,32.8 kp/s
2026-08-20 18:13:15,21.3 kp/s,25.4 kp/s,10.4 kp/s,26.9 kp/s,25.6 kp/s,30.9 kp/s,20.2 kp/s,33.3 kp/s
2026-08-20 18:13:30,21.2 kp/s,25.3 kp/s,10.4 kp/s,26.8 kp/s,25.5 kp/s,30.9 kp/s,20.2 kp/s,33.2 kp/s
2026-08-20 18:13:45,21.0 kp/s,24.9 kp/s,10.2 kp/s,26.4 kp/s,25.3 kp/s,30.4 kp/s,19.7 kp/s,32.7 kp/s
2026-08-20 18:14:00,20.8 kp/s,24.7 kp/s,10.1 kp/s,26.2 kp/s,25.1 kp/s,30.1 kp/s,19.5 kp/s,32.5 kp/s
2026-08-20 18:14:15,21.0 kp/s,24.8 kp/s,10.1 kp/s,26.4 kp/s,25.2 kp/s,30.3 kp/s,19.7 kp/s,32.7 kp/s
2026-08-20 18:14:30,21.1 kp/s,25.1 kp/s,10.3 kp/s,26.7 kp/s,25.4 kp/s,30.6 kp/s,19.9 kp/s,33.0 kp/s
2026-08-20 18:14:45,21.3 kp/s,25.3 kp/s,10.4 kp/s,26.9 kp/s,25.7 kp/s,31.0 kp/s,20.2 kp/s,33.4 kp/s
2026-08-20 18:15:00,21.6 kp/s,25.1 kp/s,10.5 kp/s,27.2 kp/s,26.8 kp/s,31.3 kp/s,20.4 kp/s,34.6 kp/s
2026-08-20 18:15:15,21.8 kp/s,25.6 kp/s,11.2 kp/s,27.9 kp/s,27.6 kp/s,32.8 kp/s,21.8 kp/s,36.7 kp/s
2026-08-20 18:15:30,21.9 kp/s,25.7 kp/s,11.7 kp/s,28.3 kp/s,28.1 kp/s,33.6 kp/s,22.9 kp/s,38.3 kp/s
2026-08-20 18:15:45,21.7 kp/s,25.6 kp/s,12.0 kp/s,28.4 kp/s,28.3 kp/s,34.2 kp/s,23.6 kp/s,39.2 kp/s
2026-08-20 18:16:00,21.6 kp/s,25.5 kp/s,12.3 kp/s,28.5 kp/s,28.4 kp/s,34.8 kp/s,24.1 kp/s,40.2 kp/s
2026-08-20 18:16:15,21.6 kp/s,25.4 kp/s,12.5 kp/s,28.6 kp/s,28.7 kp/s,35.2 kp/s,24.5 kp/s,41.0 kp/s
2026-08-20 18:16:30,21.5 kp/s,25.1 kp/s,12.4 kp/s,28.4 kp/s,28.9 kp/s,35.1 kp/s,24.4 kp/s,41.0 kp/s
2026-08-20 18:16:45,21.6 kp/s,25.1 kp/s,12.4 kp/s,28.3 kp/s,29.1 kp/s,35.1 kp/s,24.4 kp/s,40.9 kp/s
2026-08-20 18:17:00,21.3 kp/s,24.8 kp/s,12.2 kp/s,28.0 kp/s,28.8 kp/s,34.6 kp/s,24.0 kp/s,40.5 kp/s
2026-08-20 18:17:15,21.7 kp/s,25.1 kp/s,12.4 kp/s,28.4 kp/s,29.3 kp/s,35.1 kp/s,24.4 kp/s,41.1 kp/s
2026-08-20 18:17:30,21.6 kp/s,25.0 kp/s,12.3 kp/s,28.2 kp/s,29.1 kp/s,34.9 kp/s,24.2 kp/s,40.9 kp/s
2026-08-20 18:17:45,21.8 kp/s,25.3 kp/s,12.6 kp/s,28.6 kp/s,29.5 kp/s,35.4 kp/s,24.7 kp/s,41.5 kp/s
2026-08-20 18:18:00,21.5 kp/s,24.8 kp/s,12.3 kp/s,28.1 kp/s,29.0 kp/s,34.7 kp/s,24.1 kp/s,40.6 kp/s
2026-08-20 18:18:15,21.4 kp/s,24.8 kp/s,12.3 kp/s,28.1 kp/s,28.9 kp/s,34.7 kp/s,24.1 kp/s,40.6 kp/s
2026-08-20 18:18:30,21.5 kp/s,24.9 kp/s,12.3 kp/s,28.2 kp/s,29.0 kp/s,34.8 kp/s,24.1 kp/s,40.7 kp/s
2026-08-20 18:18:45,21.5 kp/s,24.9 kp/s,12.3 kp/s,28.2 kp/s,29.0 kp/s,34.8 kp/s,24.2 kp/s,40.8 kp/s
2026-08-20 18:19:00,21.5 kp/s,25.0 kp/s,12.4 kp/s,28.2 kp/s,29.1 kp/s,34.9 kp/s,24.3 kp/s,40.9 kp/s
2026-08-20 18:19:15,21.6 kp/s,25.0 kp/s,12.4 kp/s,28.3 kp/s,29.1 kp/s,35.0 kp/s,24.4 kp/s,40.9 kp/s
2026-08-20 18:19:30,21.7 kp/s,25.1 kp/s,12.4 kp/s,28.4 kp/s,29.2 kp/s,35.0 kp/s,24.4 kp/s,41.0 kp/s
2026-08-20 18:19:45,21.5 kp/s,24.8 kp/s,12.3 kp/s,28.1 kp/s,29.0 kp/s,34.7 kp/s,24.1 kp/s,40.7 kp/s
2026-08-20 18:20:00,21.4 kp/s,24.8 kp/s,12.3 kp/s,28.1 kp/s,28.9 kp/s,34.7 kp/s,24.1 kp/s,40.6 kp/s
2026-08-20 18:20:15,21.6 kp/s,25.0 kp/s,12.4 kp/s,28.2 kp/s,29.1 kp/s,35.0 kp/s,24.3 kp/s,40.9 kp/s
2026-08-20 18:20:30,21.7 kp/s,25.1 kp/s,12.5 kp/s,28.4 kp/s,29.3 kp/s,35.2 kp/s,24.5 kp/s,41.2 kp/s
2026-08-20 18:20:45,21.8 kp/s,25.3 kp/s,12.5 kp/s,28.5 kp/s,29.4 kp/s,35.3 kp/s,24.6 kp/s,41.3 kp/s
2026-08-20 18:21:00,21.5 kp/s,25.1 kp/s,12.4 kp/s,28.3 kp/s,29.1 kp/s,35.1 kp/s,24.4 kp/s,41.0 kp/s
2026-08-20 18:21:15,21.4 kp/s,24.8 kp/s,12.2 kp/s,28.0 kp/s,28.9 kp/s,34.6 kp/s,24.0 kp/s,40.5 kp/s
2026-08-20 18:21:30,21.6 kp/s,25.1 kp/s,12.5 kp/s,28.3 kp/s,29.2 kp/s,35.1 kp/s,24.5 kp/s,41.0 kp/s
2026-08-20 18:21:45,21.5 kp/s,25.0 kp/s,12.4 kp/s,28.2 kp/s,29.0 kp/s,34.9 kp/s,24.3 kp/s,40.8 kp/s
2026-08-20 18:22:00,21.5 kp/s,25.0 kp/s,12.4 kp/s,28.2 kp/s,29.0 kp/s,35.0 kp/s,24.4 kp/s,40.9 kp/s
2026-08-20 18:22:15,21.5 kp/s,24.9 kp/s,12.3 kp/s,28.2 kp/s,29.0 kp/s,34.9 kp/s,24.3 kp/s,40.8 kp/s
2026-08-20 18:22:30,21.5 kp/s,24.8 kp/s,12.2 kp/s,28.1 kp/s,29.0 kp/s,34.7 kp/s,24.0 kp/s,40.6 kp/s
2026-08-20 18:22:45,21.6 kp/s,24.9 kp/s,12.3 kp/s,28.2 kp/s,29.1 kp/s,34.8 kp/s,24.1 kp/s,40.8 kp/s
2026-08-20 18:23:00,21.5 kp/s,25.0 kp/s,12.4 kp/s,28.2 kp/s,29.1 kp/s,35.0 kp/s,24.3 kp/s,40.9 kp/s
2026-08-20 18:23:15,21.6 kp/s,25.0 kp/s,12.3 kp/s,28.3 kp/s,29.1 kp/s,34.9 kp/s,24.2 kp/s,40.9 kp/s
2026-08-20 18:23:30,21.5 kp/s,24.9 kp/s,12.3 kp/s,28.2 kp/s,29.1 kp/s,34.8 kp/s,24.2 kp/s,40.7 kp/s
2026-08-20 18:23:45,21.6 kp/s,25.1 kp/s,12.4 kp/s,28.4 kp/s,29.2 kp/s,35.1 kp/s,24.4 kp/s,41.1 kp/s
2026-08-20 18:24:00,21.6 kp/s,25.0 kp/s,12.4 kp/s,28.3 kp/s,29.2 kp/s,35.0 kp/s,24.3 kp/s,40.9 kp/s
2026-08-20 18:24:15,21.7 kp/s,25.0 kp/s,12.3 kp/s,28.3 kp/s,29.2 kp/s,34.9 kp/s,24.2 kp/s,40.9 kp/s
2026-08-20 18:24:30,21.4 kp/s,24.8 kp/s,12.2 kp/s,28.0 kp/s,28.8 kp/s,34.6 kp/s,24.1 kp/s,40.5 kp/s
2026-08-20 18:24:45,21.6 kp/s,25.0 kp/s,12.4 kp/s,28.3 kp/s,29.1 kp/s,35.0 kp/s,24.3 kp/s,40.9 kp/s
2026-08-20 18:25:00,21.6 kp/s,25.3 kp/s,12.4 kp/s,28.4 kp/s,28.6 kp/s,34.8 kp/s,24.4 kp/s,40.4 kp/s
2026-08-20 18:25:15,21.9 kp/s,25.0 kp/s,11.5 kp/s,28.1 kp/s,28.4 kp/s,33.1 kp/s,22.5 kp/s,38.6 kp/s
2026-08-20 18:25:30,22.6 kp/s,24.9 kp/s,10.5 kp/s,27.9 kp/s,28.8 kp/s,31.3 kp/s,20.4 kp/s,36.6 kp/s
2026-08-20 18:25:45,21.9 kp/s,22.8 kp/s,8.37 kp/s,25.6 kp/s,27.4 kp/s,26.7 kp/s,16.1 kp/s,31.5 kp/s
2026-08-20 18:26:00,22.2 kp/s,21.4 kp/s,6.31 kp/s,24.1 kp/s,27.0 kp/s,22.4 kp/s,11.9 kp/s,26.9 kp/s
2026-08-20 18:26:15,22.4 kp/s,19.6 kp/s,3.86 kp/s,22.2 kp/s,26.3 kp/s,17.0 kp/s,6.99 kp/s,21.3 kp/s
2026-08-20 18:26:30,23.3 kp/s,18.5 kp/s,1.27 kp/s,21.1 kp/s,26.0 kp/s,11.7 kp/s,1.68 kp/s,15.8 kp/s
2026-08-20 18:26:45,23.9 kp/s,19.0 kp/s,824 p/s,21.7 kp/s,25.9 kp/s,10.8 kp/s,724 p/s,15.1 kp/s
2026-08-20 18:27:00,24.2 kp/s,19.3 kp/s,836 p/s,22.0 kp/s,26.2 kp/s,10.9 kp/s,731 p/s,15.2 kp/s
2026-08-20 18:27:15,24.2 kp/s,19.4 kp/s,843 p/s,22.1 kp/s,26.3 kp/s,10.9 kp/s,737 p/s,15.2 kp/s
2026-08-20 18:27:30,24.2 kp/s,19.3 kp/s,842 p/s,22.1 kp/s,26.2 kp/s,10.8 kp/s,737 p/s,15.2 kp/s
2026-08-20 18:27:45,24.2 kp/s,19.4 kp/s,845 p/s,22.1 kp/s,26.2 kp/s,10.8 kp/s,734 p/s,15.1 kp/s
2026-08-20 18:28:00,24.2 kp/s,19.4 kp/s,844 p/s,22.1 kp/s,26.2 kp/s,10.8 kp/s,735 p/s,15.1 kp/s
2026-08-20 18:28:15,24.0 kp/s,19.3 kp/s,843 p/s,22.0 kp/s,26.0 kp/s,10.8 kp/s,734 p/s,15.0 kp/s
2026-08-20 18:28:30,24.0 kp/s,19.3 kp/s,839 p/s,21.9 kp/s,26.0 kp/s,10.8 kp/s,732 p/s,15.0 kp/s
2026-08-20 18:28:45,23.7 kp/s,19.0 kp/s,830 p/s,21.7 kp/s,25.7 kp/s,10.7 kp/s,728 p/s,14.8 kp/s
2026-08-20 18:29:00,23.9 kp/s,19.2 kp/s,841 p/s,21.9 kp/s,25.9 kp/s,10.7 kp/s,734 p/s,14.9 kp/s
2026-08-20 18:29:15,24.0 kp/s,19.3 kp/s,843 p/s,22.0 kp/s,26.0 kp/s,10.8 kp/s,737 p/s,15.0 kp/s
2026-08-20 18:29:30,23.7 kp/s,19.0 kp/s,830 p/s,21.7 kp/s,25.7 kp/s,10.7 kp/s,728 p/s,14.9 kp/s
2026-08-20 18:29:45,23.9 kp/s,19.2 kp/s,835 p/s,21.9 kp/s,25.9 kp/s,10.8 kp/s,732 p/s,15.0 kp/s
2026-08-20 18:30:00,23.8 kp/s,19.2 kp/s,837 p/s,21.8 kp/s,25.8 kp/s,10.7 kp/s,730 p/s,14.9 kp/s
2026-08-20 18:30:15,24.0 kp/s,19.3 kp/s,845 p/s,21.9 kp/s,26.0 kp/s,10.7 kp/s,738 p/s,14.9 kp/s
2026-08-20 18:30:30,24.0 kp/s,19.2 kp/s,832 p/s,21.9 kp/s,26.0 kp/s,10.8 kp/s,729 p/s,15.1 kp/s
2026-08-20 18:30:45,23.9 kp/s,19.2 kp/s,839 p/s,21.9 kp/s,25.9 kp/s,10.7 kp/s,733 p/s,14.9 kp/s
2026-08-20 18:31:00,23.9 kp/s,19.2 kp/s,834 p/s,21.9 kp/s,25.9 kp/s,10.8 kp/s,730 p/s,15.0 kp/s
2026-08-20 18:31:15,23.9 kp/s,19.1 kp/s,831 p/s,21.8 kp/s,25.8 kp/s,10.7 kp/s,725 p/s,15.0 kp/s
2026-08-20 18:31:30,24.0 kp/s,19.3 kp/s,839 p/s,21.9 kp/s,26.0 kp/s,10.8 kp/s,733 p/s,15.0 kp/s
2026-08-20 18:31:45,23.7 kp/s,19.1 kp/s,834 p/s,21.7 kp/s,25.7 kp/s,10.6 kp/s,729 p/s,14.8 kp/s
2026-08-20 18:32:00,23.9 kp/s,19.1 kp/s,836 p/s,21.8 kp/s,25.8 kp/s,10.7 kp/s,728 p/s,14.9 kp/s
2026-08-20 18:32:15,24.2 kp/s,19.4 kp/s,848 p/s,22.1 kp/s,26.2 kp/s,10.8 kp/s,743 p/s,15.1 kp/s
2026-08-20 18:32:30,24.1 kp/s,19.4 kp/s,850 p/s,22.1 kp/s,26.2 kp/s,10.8 kp/s,742 p/s,15.0 kp/s
2026-08-20 18:32:45,23.9 kp/s,19.2 kp/s,839 p/s,21.8 kp/s,25.9 kp/s,10.7 kp/s,732 p/s,14.9 kp/s
2026-08-20 18:33:00,24.1 kp/s,19.3 kp/s,840 p/s,22.0 kp/s,26.1 kp/s,10.8 kp/s,735 p/s,15.1 kp/s
2026-08-20 18:33:15,23.9 kp/s,19.2 kp/s,836 p/s,21.8 kp/s,26.0 kp/s,10.7 kp/s,731 p/s,15.0 kp/s
2026-08-20 18:33:30,24.0 kp/s,19.3 kp/s,843 p/s,22.0 kp/s,26.0 kp/s,10.8 kp/s,739 p/s,15.0 kp/s
2026-08-20 18:33:45,24.0 kp/s,19.3 kp/s,840 p/s,21.9 kp/s,26.0 kp/s,10.7 kp/s,732 p/s,15.0 kp/s
2026-08-20 18:34:00,24.0 kp/s,19.2 kp/s,840 p/s,21.9 kp/s,25.9 kp/s,10.8 kp/s,736 p/s,15.0 kp/s
2026-08-20 18:34:15,24.0 kp/s,19.2 kp/s,839 p/s,21.9 kp/s,26.0 kp/s,10.7 kp/s,731 p/s,15.0 kp/s
2026-08-20 18:34:30,23.9 kp/s,19.2 kp/s,838 p/s,21.9 kp/s,25.9 kp/s,10.7 kp/s,734 p/s,15.0 kp/s
2026-08-20 18:34:45,23.9 kp/s,19.1 kp/s,832 p/s,21.8 kp/s,25.9 kp/s,10.7 kp/s,730 p/s,15.0 kp/s
2026-08-20 18:35:00,24.0 kp/s,19.2 kp/s,838 p/s,21.9 kp/s,26.0 kp/s,10.8 kp/s,735 p/s,15.0 kp/s
2026-08-20 18:35:15,23.9 kp/s,19.2 kp/s,837 p/s,21.9 kp/s,25.9 kp/s,10.7 kp/s,732 p/s,14.9 kp/s
2026-08-20 18:35:30,25.1 kp/s,19.5 kp/s,865 p/s,22.7 kp/s,28.4 kp/s,11.4 kp/s,790 p/s,16.8 kp/s
2026-08-20 18:35:45,27.1 kp/s,19.1 kp/s,823 p/s,23.7 kp/s,33.7 kp/s,12.8 kp/s,796 p/s,20.9 kp/s
2026-08-20 18:36:00,28.5 kp/s,18.7 kp/s,753 p/s,24.0 kp/s,37.7 kp/s,14.0 kp/s,736 p/s,23.8 kp/s
2026-08-20 18:36:15,30.3 kp/s,18.3 kp/s,710 p/s,24.7 kp/s,42.2 kp/s,14.7 kp/s,701 p/s,26.6 kp/s
2026-08-20 18:36:30,32.1 kp/s,18.4 kp/s,688 p/s,25.6 kp/s,46.5 kp/s,15.7 kp/s,686 p/s,29.3 kp/s
2026-08-20 18:36:45,33.8 kp/s,18.4 kp/s,656 p/s,26.4 kp/s,50.3 kp/s,16.4 kp/s,658 p/s,31.7 kp/s
2026-08-20 18:37:00,35.1 kp/s,18.3 kp/s,622 p/s,26.9 kp/s,53.4 kp/s,17.2 kp/s,624 p/s,33.6 kp/s
2026-08-20 18:37:15,35.7 kp/s,18.4 kp/s,613 p/s,27.2 kp/s,54.7 kp/s,17.5 kp/s,613 p/s,34.3 kp/s
2026-08-20 18:37:30,35.2 kp/s,18.1 kp/s,603 p/s,26.8 kp/s,53.9 kp/s,17.3 kp/s,602 p/s,33.9 kp/s
2026-08-20 18:37:45,35.6 kp/s,18.4 kp/s,614 p/s,27.2 kp/s,54.7 kp/s,17.5 kp/s,613 p/s,34.3 kp/s
2026-08-20 18:38:00,35.3 kp/s,18.2 kp/s,606 p/s,26.9 kp/s,54.2 kp/s,17.4 kp/s,606 p/s,34.0 kp/s
2026-08-20 18:38:15,36.6 kp/s,18.9 kp/s,627 p/s,27.9 kp/s,56.2 kp/s,18.0 kp/s,623 p/s,35.2 kp/s
2026-08-20 18:38:30,37.1 kp/s,19.1 kp/s,637 p/s,28.3 kp/s,57.0 kp/s,18.2 kp/s,634 p/s,35.7 kp/s
2026-08-20 18:38:45,36.3 kp/s,18.7 kp/s,622 p/s,27.7 kp/s,55.7 kp/s,17.8 kp/s,621 p/s,35.0 kp/s
2026-08-20 18:39:00,35.9 kp/s,18.5 kp/s,614 p/s,27.3 kp/s,55.0 kp/s,17.6 kp/s,613 p/s,34.5 kp/s
2026-08-20 18:39:15,36.1 kp/s,18.6 kp/s,617 p/s,27.5 kp/s,55.4 kp/s,17.7 kp/s,614 p/s,34.7 kp/s
2026-08-20 18:39:30,35.0 kp/s,18.1 kp/s,596 p/s,26.7 kp/s,53.6 kp/s,17.2 kp/s,595 p/s,33.7 kp/s
2026-08-20 18:39:45,35.6 kp/s,18.4 kp/s,612 p/s,27.1 kp/s,54.7 kp/s,17.5 kp/s,611 p/s,34.3 kp/s
2026-08-20 18:40:00,35.3 kp/s,18.2 kp/s,601 p/s,26.9 kp/s,54.1 kp/s,17.4 kp/s,598 p/s,34.0 kp/s
2026-08-20 18:40:15,35.5 kp/s,18.3 kp/s,609 p/s,27.0 kp/s,54.5 kp/s,17.4 kp/s,608 p/s,34.2 kp/s
2026-08-20 18:40:30,35.5 kp/s,18.3 kp/s,611 p/s,27.0 kp/s,54.5 kp/s,17.4 kp/s,609 p/s,34.2 kp/s
2026-08-20 18:40:45,35.5 kp/s,18.3 kp/s,610 p/s,27.0 kp/s,54.4 kp/s,17.4 kp/s,611 p/s,34.1 kp/s
2026-08-20 18:41:00,35.5 kp/s,18.3 kp/s,607 p/s,27.0 kp/s,54.5 kp/s,17.4 kp/s,604 p/s,34.2 kp/s
2026-08-20 18:41:15,35.3 kp/s,18.2 kp/s,602 p/s,26.9 kp/s,54.1 kp/s,17.4 kp/s,601 p/s,34.0 kp/s
2026-08-20 18:41:30,35.7 kp/s,18.4 kp/s,611 p/s,27.2 kp/s,54.8 kp/s,17.6 kp/s,607 p/s,34.4 kp/s
2026-08-20 18:41:45,35.2 kp/s,18.2 kp/s,602 p/s,26.9 kp/s,54.0 kp/s,17.3 kp/s,600 p/s,33.9 kp/s
2026-08-20 18:42:00,35.9 kp/s,18.5 kp/s,617 p/s,27.3 kp/s,55.1 kp/s,17.6 kp/s,615 p/s,34.5 kp/s
2026-08-20 18:42:15,35.0 kp/s,18.1 kp/s,596 p/s,26.7 kp/s,53.7 kp/s,17.2 kp/s,594 p/s,33.7 kp/s
2026-08-20 18:42:30,35.2 kp/s,18.2 kp/s,601 p/s,26.9 kp/s,54.0 kp/s,17.4 kp/s,596 p/s,33.9 kp/s
2026-08-20 18:42:45,35.9 kp/s,18.5 kp/s,618 p/s,27.3 kp/s,55.1 kp/s,17.6 kp/s,615 p/s,34.5 kp/s
2026-08-20 18:43:00,35.3 kp/s,18.2 kp/s,604 p/s,26.9 kp/s,54.1 kp/s,17.3 kp/s,601 p/s,33.9 kp/s
2026-08-20 18:43:15,35.7 kp/s,18.4 kp/s,615 p/s,27.2 kp/s,54.9 kp/s,17.6 kp/s,614 p/s,34.4 kp/s
2026-08-20 18:43:30,35.2 kp/s,18.1 kp/s,600 p/s,26.8 kp/s,53.9 kp/s,17.3 kp/s,598 p/s,33.9 kp/s
2026-08-20 18:43:45,35.6 kp/s,18.4 kp/s,612 p/s,27.1 kp/s,54.6 kp/s,17.5 kp/s,609 p/s,34.2 kp/s
2026-08-20 18:44:00,35.7 kp/s,18.4 kp/s,612 p/s,27.2 kp/s,54.8 kp/s,17.5 kp/s,609 p/s,34.4 kp/s
2026-08-20 18:44:15,35.7 kp/s,18.4 kp/s,614 p/s,27.2 kp/s,54.8 kp/s,17.6 kp/s,609 p/s,34.4 kp/s
2026-08-20 18:44:30,35.1 kp/s,18.1 kp/s,600 p/s,26.7 kp/s,53.8 kp/s,17.2 kp/s,595 p/s,33.8 kp/s
2026-08-20 18:44:45,35.1 kp/s,18.1 kp/s,598 p/s,26.7 kp/s,53.8 kp/s,17.3 kp/s,593 p/s,33.8 kp/s
2026-08-20 18:45:00,35.0 kp/s,18.1 kp/s,598 p/s,26.7 kp/s,53.6 kp/s,17.2 kp/s,597 p/s,33.7 kp/s
2026-08-20 18:45:15,35.0 kp/s,18.1 kp/s,598 p/s,26.7 kp/s,53.7 kp/s,17.2 kp/s,595 p/s,33.7 kp/s
2026-08-20 18:45:30,35.2 kp/s,18.2 kp/s,599 p/s,26.8 kp/s,53.9 kp/s,17.4 kp/s,597 p/s,34.0 kp/s
2026-08-20 18:45:45,35.7 kp/s,18.8 kp/s,595 p/s,27.5 kp/s,55.2 kp/s,19.1 kp/s,606 p/s,35.7 kp/s
2026-08-20 18:46:00,35.8 kp/s,19.6 kp/s,616 p/s,27.9 kp/s,55.8 kp/s,21.4 kp/s,677 p/s,37.3 kp/s
2026-08-20 18:46:15,36.2 kp/s,20.5 kp/s,669 p/s,28.5 kp/s,56.9 kp/s,23.6 kp/s,805 p/s,39.0 kp/s
2026-08-20 18:46:30,36.0 kp/s,21.0 kp/s,735 p/s,28.7 kp/s,57.0 kp/s,25.3 kp/s,965 p/s,40.0 kp/s
2026-08-20 18:46:45,35.5 kp/s,21.2 kp/s,806 p/s,28.4 kp/s,56.3 kp/s,26.5 kp/s,1.14 kp/s,40.2 kp/s
2026-08-20 18:47:00,34.8 kp/s,21.3 kp/s,804 p/s,28.0 kp/s,55.6 kp/s,27.4 kp/s,1.16 kp/s,40.4 kp/s
2026-08-20 18:47:15,34.3 kp/s,21.2 kp/s,798 p/s,27.6 kp/s,54.8 kp/s,27.8 kp/s,1.18 kp/s,40.1 kp/s
2026-08-20 18:47:30,34.7 kp/s,21.5 kp/s,807 p/s,27.9 kp/s,55.6 kp/s,28.3 kp/s,1.19 kp/s,40.6 kp/s
2026-08-20 18:47:45,35.0 kp/s,21.7 kp/s,817 p/s,28.1 kp/s,56.1 kp/s,28.6 kp/s,1.20 kp/s,40.9 kp/s
2026-08-20 18:48:00,34.5 kp/s,21.4 kp/s,803 p/s,27.7 kp/s,55.3 kp/s,28.1 kp/s,1.18 kp/s,40.3 kp/s
2026-08-20 18:48:15,34.5 kp/s,21.4 kp/s,804 p/s,27.8 kp/s,55.3 kp/s,28.2 kp/s,1.18 kp/s,40.4 kp/s
2026-08-20 18:48:30,34.6 kp/s,21.4 kp/s,806 p/s,27.9 kp/s,55.5 kp/s,28.3 kp/s,1.19 kp/s,40.5 kp/s
2026-08-20 18:48:45,34.5 kp/s,21.3 kp/s,802 p/s,27.7 kp/s,55.2 kp/s,28.1 kp/s,1.18 kp/s,40.3 kp/s
2026-08-20 18:49:00,34.7 kp/s,21.5 kp/s,808 p/s,27.9 kp/s,55.6 kp/s,28.3 kp/s,1.19 kp/s,40.6 kp/s
2026-08-20 18:49:15,34.8 kp/s,21.6 kp/s,812 p/s,28.0 kp/s,55.9 kp/s,28.5 kp/s,1.20 kp/s,40.8 kp/s
2026-08-20 18:49:30,34.7 kp/s,21.5 kp/s,813 p/s,28.0 kp/s,55.7 kp/s,28.4 kp/s,1.20 kp/s,40.7 kp/s
2026-08-20 18:49:45,34.7 kp/s,21.5 kp/s,806 p/s,27.9 kp/s,55.6 kp/s,28.3 kp/s,1.19 kp/s,40.6 kp/s
2026-08-20 18:50:00,34.3 kp/s,21.2 kp/s,799 p/s,27.6 kp/s,54.9 kp/s,28.0 kp/s,1.18 kp/s,40.1 kp/s
2026-08-20 18:50:15,34.5 kp/s,21.4 kp/s,805 p/s,27.8 kp/s,55.4 kp/s,28.2 kp/s,1.18 kp/s,40.4 kp/s
2026-08-20 18:50:30,34.4 kp/s,21.3 kp/s,802 p/s,27.7 kp/s,55.1 kp/s,28.1 kp/s,1.18 kp/s,40.3 kp/s
2026-08-20 18:50:45,34.4 kp/s,21.3 kp/s,799 p/s,27.7 kp/s,55.1 kp/s,28.1 kp/s,1.18 kp/s,40.3 kp/s
2026-08-20 18:51:00,34.8 kp/s,21.5 kp/s,812 p/s,28.0 kp/s,55.8 kp/s,28.4 kp/s,1.20 kp/s,40.7 kp/s
2026-08-20 18:51:15,34.3 kp/s,21.2 kp/s,798 p/s,27.6 kp/s,54.9 kp/s,27.9 kp/s,1.18 kp/s,40.1 kp/s
2026-08-20 18:51:30,34.5 kp/s,21.4 kp/s,805 p/s,27.7 kp/s,55.3 kp/s,28.2 kp/s,1.19 kp/s,40.3 kp/s
2026-08-20 18:51:45,34.4 kp/s,21.3 kp/s,799 p/s,27.7 kp/s,55.1 kp/s,28.0 kp/s,1.17 kp/s,40.2 kp/s
2026-08-20 18:52:00,34.5 kp/s,21.4 kp/s,803 p/s,27.7 kp/s,55.3 kp/s,28.1 kp/s,1.18 kp/s,40.3 kp/s
2026-08-20 18:52:15,34.7 kp/s,21.5 kp/s,809 p/s,27.9 kp/s,55.7 kp/s,28.3 kp/s,1.19 kp/s,40.6 kp/s
2026-08-20 18:52:30,34.7 kp/s,21.5 kp/s,808 p/s,27.9 kp/s,55.6 kp/s,28.3 kp/s,1.19 kp/s,40.6 kp/s
2026-08-20 18:52:45,35.5 kp/s,22.0 kp/s,834 p/s,28.6 kp/s,57.0 kp/s,29.1 kp/s,1.23 kp/s,41.6 kp/s
2026-08-20 18:53:00,34.6 kp/s,21.4 kp/s,804 p/s,27.8 kp/s,55.4 kp/s,28.2 kp/s,1.19 kp/s,40.5 kp/s
2026-08-20 18:53:15,34.3 kp/s,21.2 kp/s,796 p/s,27.6 kp/s,54.9 kp/s,27.9 kp/s,1.17 kp/s,40.1 kp/s
2026-08-20 18:53:30,34.7 kp/s,21.5 kp/s,808 p/s,27.9 kp/s,55.6 kp/s,28.3 kp/s,1.19 kp/s,40.6 kp/s
2026-08-20 18:53:45,34.5 kp/s,21.4 kp/s,804 p/s,27.8 kp/s,55.3 kp/s,28.2 kp/s,1.18 kp/s,40.4 kp/s
2026-08-20 18:54:00,34.5 kp/s,21.4 kp/s,802 p/s,27.7 kp/s,55.3 kp/s,28.1 kp/s,1.18 kp/s,40.3 kp/s
2026-08-20 18:54:15,34.8 kp/s,21.5 kp/s,812 p/s,28.0 kp/s,55.8 kp/s,28.4 kp/s,1.20 kp/s,40.7 kp/s
2026-08-20 18:54:30,35.3 kp/s,21.9 kp/s,826 p/s,28.4 kp/s,56.7 kp/s,28.9 kp/s,1.22 kp/s,41.4 kp/s
2026-08-20 18:54:45,34.8 kp/s,21.5 kp/s,811 p/s,28.0 kp/s,55.7 kp/s,28.3 kp/s,1.19 kp/s,40.7 kp/s
2026-08-20 18:55:00,35.0 kp/s,21.7 kp/s,816 p/s,28.1 kp/s,56.2 kp/s,28.6 kp/s,1.20 kp/s,41.0 kp/s
2026-08-20 18:55:15,34.7 kp/s,21.5 kp/s,809 p/s,27.9 kp/s,55.6 kp/s,28.3 kp/s,1.19 kp/s,40.6 kp/s
2026-08-20 18:55:30,34.7 kp/s,21.5 kp/s,811 p/s,27.9 kp/s,55.6 kp/s,28.4 kp/s,1.20 kp/s,40.6 kp/s
2026-08-20 18:55:45,34.6 kp/s,21.8 kp/s,811 p/s,27.9 kp/s,54.9 kp/s,28.4 kp/s,1.17 kp/s,39.9 kp/s
2026-08-20 18:56:00,34.8 kp/s,22.3 kp/s,875 p/s,28.2 kp/s,54.2 kp/s,28.0 kp/s,1.25 kp/s,39.0 kp/s
2026-08-20 18:56:15,33.8 kp/s,22.0 kp/s,886 p/s,27.5 kp/s,51.4 kp/s,26.1 kp/s,1.22 kp/s,36.3 kp/s
2026-08-20 18:56:30,31.6 kp/s,21.2 kp/s,883 p/s,25.9 kp/s,46.7 kp/s,23.5 kp/s,1.17 kp/s,32.2 kp/s
2026-08-20 18:56:45,30.4 kp/s,21.1 kp/s,818 p/s,25.3 kp/s,42.8 kp/s,21.2 kp/s,959 p/s,28.8 kp/s
2026-08-20 18:57:00,27.9 kp/s,20.4 kp/s,793 p/s,23.7 kp/s,36.4 kp/s,17.7 kp/s,821 p/s,23.4 kp/s
2026-08-20 18:57:15,25.4 kp/s,20.0 kp/s,811 p/s,22.4 kp/s,29.3 kp/s,13.3 kp/s,724 p/s,17.1 kp/s
2026-08-20 18:57:30,25.1 kp/s,20.1 kp/s,856 p/s,22.8 kp/s,27.2 kp/s,11.3 kp/s,728 p/s,15.6 kp/s
2026-08-20 18:57:45,24.8 kp/s,19.8 kp/s,843 p/s,22.5 kp/s,26.9 kp/s,11.1 kp/s,718 p/s,15.4 kp/s
2026-08-20 18:58:00,24.2 kp/s,19.4 kp/s,819 p/s,22.0 kp/s,26.2 kp/s,10.9 kp/s,691 p/s,15.1 kp/s
2026-08-20 18:58:15,24.4 kp/s,19.5 kp/s,832 p/s,22.2 kp/s,26.4 kp/s,10.9 kp/s,701 p/s,15.1 kp/s
2026-08-20 18:58:30,24.5 kp/s,19.7 kp/s,844 p/s,22.4 kp/s,26.6 kp/s,11.0 kp/s,708 p/s,15.1 kp/s
2026-08-20 18:58:45,24.4 kp/s,19.5 kp/s,830 p/s,22.2 kp/s,26.4 kp/s,10.9 kp/s,697 p/s,15.2 kp/s
2026-08-20 18:59:00,24.2 kp/s,19.4 kp/s,824 p/s,22.0 kp/s,26.2 kp/s,10.9 kp/s,696 p/s,15.1 kp/s
2026-08-20 18:59:15,24.4 kp/s,19.5 kp/s,827 p/s,22.2 kp/s,26.5 kp/s,10.9 kp/s,697 p/s,15.2 kp/s
2026-08-20 18:59:30,23.9 kp/s,19.2 kp/s,811 p/s,21.8 kp/s,26.0 kp/s,10.8 kp/s,682 p/s,15.0 kp/s
2026-08-20 18:59:45,24.2 kp/s,19.3 kp/s,821 p/s,22.0 kp/s,26.2 kp/s,10.9 kp/s,689 p/s,15.1 kp/s
2026-08-20 19:00:00,24.0 kp/s,19.3 kp/s,817 p/s,21.9 kp/s,26.0 kp/s,10.8 kp/s,689 p/s,15.0 kp/s
2026-08-20 19:00:15,23.8 kp/s,19.1 kp/s,809 p/s,21.7 kp/s,25.9 kp/s,10.7 kp/s,680 p/s,14.9 kp/s
2026-08-20 19:00:30,24.0 kp/s,19.2 kp/s,819 p/s,21.9 kp/s,26.0 kp/s,10.8 kp/s,693 p/s,15.0 kp/s
2026-08-20 19:00:45,23.9 kp/s,19.1 kp/s,812 p/s,21.7 kp/s,25.9 kp/s,10.8 kp/s,688 p/s,14.9 kp/s
2026-08-20 19:01:00,24.0 kp/s,19.2 kp/s,813 p/s,21.8 kp/s,26.0 kp/s,10.8 kp/s,685 p/s,15.0 kp/s
2026-08-20 19:01:15,23.9 kp/s,19.1 kp/s,814 p/s,21.7 kp/s,25.9 kp/s,10.7 kp/s,691 p/s,14.9 kp/s
2026-08-20 19:01:30,23.8 kp/s,19.1 kp/s,811 p/s,21.7 kp/s,25.8 kp/s,10.7 kp/s,685 p/s,14.9 kp/s
2026-08-20 19:01:45,24.2 kp/s,19.4 kp/s,826 p/s,22.1 kp/s,26.2 kp/s,10.9 kp/s,696 p/s,15.1 kp/s
2026-08-20 19:02:00,24.2 kp/s,19.4 kp/s,824 p/s,22.0 kp/s,26.2 kp/s,10.8 kp/s,696 p/s,15.0 kp/s
2026-08-20 19:02:15,24.3 kp/s,19.5 kp/s,834 p/s,22.1 kp/s,26.3 kp/s,10.9 kp/s,699 p/s,15.1 kp/s
2026-08-20 19:02:30,24.2 kp/s,19.4 kp/s,822 p/s,22.0 kp/s,26.2 kp/s,10.9 kp/s,692 p/s,15.1 kp/s
2026-08-20 19:02:45,24.0 kp/s,19.3 kp/s,818 p/s,21.9 kp/s,26.1 kp/s,10.8 kp/s,688 p/s,15.0 kp/s
2026-08-20 19:03:00,24.0 kp/s,19.2 kp/s,817 p/s,21.8 kp/s,26.0 kp/s,10.8 kp/s,685 p/s,14.9 kp/s
2026-08-20 19:03:15,24.0 kp/s,19.3 kp/s,822 p/s,21.9 kp/s,26.0 kp/s,10.8 kp/s,694 p/s,14.9 kp/s
2026-08-20 19:03:30,24.1 kp/s,19.4 kp/s,827 p/s,22.0 kp/s,26.2 kp/s,10.9 kp/s,700 p/s,15.0 kp/s
2026-08-20 19:03:45,24.0 kp/s,19.2 kp/s,815 p/s,21.8 kp/s,26.0 kp/s,10.8 kp/s,689 p/s,15.1 kp/s
2026-08-20 19:04:00,24.1 kp/s,19.2 kp/s,818 p/s,21.9 kp/s,26.1 kp/s,10.8 kp/s,691 p/s,15.0 kp/s
2026-08-20 19:04:15,24.1 kp/s,19.4 kp/s,824 p/s,22.0 kp/s,26.2 kp/s,10.8 kp/s,697 p/s,15.0 kp/s
2026-08-20 19:04:30,24.3 kp/s,19.5 kp/s,831 p/s,22.1 kp/s,26.3 kp/s,10.9 kp/s,700 p/s,15.1 kp/s
2026-08-20 19:04:45,24.2 kp/s,19.4 kp/s,824 p/s,22.0 kp/s,26.2 kp/s,10.9 kp/s,695 p/s,15.1 kp/s
2026-08-20 19:05:00,24.0 kp/s,19.3 kp/s,825 p/s,21.9 kp/s,26.0 kp/s,10.8 kp/s,694 p/s,14.9 kp/s
2026-08-20 19:05:15,24.1 kp/s,19.3 kp/s,820 p/s,21.9 kp/s,26.2 kp/s,10.9 kp/s,690 p/s,15.1 kp/s
2026-08-20 19:05:30,24.0 kp/s,19.2 kp/s,816 p/s,21.8 kp/s,26.0 kp/s,10.8 kp/s,689 p/s,15.0 kp/s
2026-08-20 19:05:45,24.1 kp/s,19.3 kp/s,819 p/s,21.9 kp/s,26.1 kp/s,10.8 kp/s,690 p/s,15.0 kp/s
2026-08-20 19:06:00,24.1 kp/s,19.3 kp/s,821 p/s,21.9 kp/s,26.1 kp/s,10.8 kp/s,696 p/s,15.0 kp/s
2026-08-20 19:06:15,24.7 kp/s,19.2 kp/s,880 p/s,22.4 kp/s,27.7 kp/s,11.0 kp/s,825 p/s,16.4 kp/s
2026-08-20 19:06:30,27.5 kp/s,18.7 kp/s,1.05 kp/s,23.6 kp/s,34.2 kp/s,11.6 kp/s,1.22 kp/s,20.4 kp/s
2026-08-20 19:06:45,29.2 kp/s,17.7 kp/s,1.15 kp/s,24.1 kp/s,39.0 kp/s,11.8 kp/s,1.50 kp/s,23.6 kp/s
2026-08-20 19:07:00,30.8 kp/s,17.0 kp/s,1.23 kp/s,24.6 kp/s,43.3 kp/s,11.9 kp/s,1.73 kp/s,26.4 kp/s
2026-08-20 19:07:15,32.8 kp/s,16.6 kp/s,1.32 kp/s,25.4 kp/s,47.9 kp/s,12.2 kp/s,1.95 kp/s,29.1 kp/s
2026-08-20 19:07:30,34.3 kp/s,16.2 kp/s,1.49 kp/s,26.0 kp/s,51.4 kp/s,12.5 kp/s,2.33 kp/s,31.3 kp/s
2026-08-20 19:07:45,36.1 kp/s,16.3 kp/s,1.62 kp/s,27.0 kp/s,55.4 kp/s,13.0 kp/s,2.63 kp/s,33.8 kp/s
2026-08-20 19:08:00,36.4 kp/s,16.0 kp/s,1.62 kp/s,26.9 kp/s,56.4 kp/s,13.1 kp/s,2.63 kp/s,34.1 kp/s
2026-08-20 19:08:15,36.1 kp/s,15.9 kp/s,1.59 kp/s,26.6 kp/s,55.7 kp/s,13.0 kp/s,2.58 kp/s,33.7 kp/s
2026-08-20 19:08:30,36.5 kp/s,16.1 kp/s,1.62 kp/s,26.9 kp/s,56.5 kp/s,13.1 kp/s,2.63 kp/s,34.1 kp/s
2026-08-20 19:08:45,36.1 kp/s,15.9 kp/s,1.60 kp/s,26.6 kp/s,55.9 kp/s,13.0 kp/s,2.60 kp/s,33.7 kp/s
2026-08-20 19:09:00,36.7 kp/s,16.1 kp/s,1.63 kp/s,27.1 kp/s,57.0 kp/s,13.1 kp/s,2.66 kp/s,34.3 kp/s
2026-08-20 19:09:15,36.5 kp/s,16.0 kp/s,1.61 kp/s,26.9 kp/s,56.4 kp/s,13.1 kp/s,2.62 kp/s,34.0 kp/s
2026-08-20 19:09:30,36.3 kp/s,16.0 kp/s,1.60 kp/s,26.7 kp/s,56.1 kp/s,13.0 kp/s,2.61 kp/s,33.9 kp/s
2026-08-20 19:09:45,36.1 kp/s,15.9 kp/s,1.60 kp/s,26.7 kp/s,55.9 kp/s,12.9 kp/s,2.61 kp/s,33.7 kp/s
2026-08-20 19:10:00,36.9 kp/s,16.2 kp/s,1.64 kp/s,27.2 kp/s,57.2 kp/s,13.2 kp/s,2.67 kp/s,34.4 kp/s
2026-08-20 19:10:15,36.2 kp/s,15.9 kp/s,1.60 kp/s,26.7 kp/s,56.1 kp/s,13.0 kp/s,2.60 kp/s,33.8 kp/s
2026-08-20 19:10:30,36.3 kp/s,16.0 kp/s,1.61 kp/s,26.8 kp/s,56.3 kp/s,13.0 kp/s,2.62 kp/s,33.9 kp/s
2026-08-20 19:10:45,36.4 kp/s,16.0 kp/s,1.60 kp/s,26.8 kp/s,56.3 kp/s,13.1 kp/s,2.61 kp/s,34.0 kp/s
2026-08-20 19:11:00,36.3 kp/s,16.0 kp/s,1.60 kp/s,26.7 kp/s,56.1 kp/s,13.0 kp/s,2.60 kp/s,33.9 kp/s
2026-08-20 19:11:15,36.1 kp/s,15.9 kp/s,1.60 kp/s,26.6 kp/s,55.9 kp/s,12.9 kp/s,2.60 kp/s,33.7 kp/s
2026-08-20 19:11:30,36.4 kp/s,16.0 kp/s,1.62 kp/s,26.8 kp/s,56.3 kp/s,13.0 kp/s,2.63 kp/s,33.9 kp/s
2026-08-20 19:11:45,36.8 kp/s,16.2 kp/s,1.64 kp/s,27.1 kp/s,57.1 kp/s,13.1 kp/s,2.67 kp/s,34.4 kp/s
2026-08-20 19:12:00,36.5 kp/s,16.1 kp/s,1.62 kp/s,26.9 kp/s,56.5 kp/s,13.1 kp/s,2.63 kp/s,34.1 kp/s
2026-08-20 19:12:15,36.4 kp/s,16.0 kp/s,1.61 kp/s,26.9 kp/s,56.4 kp/s,13.1 kp/s,2.62 kp/s,34.0 kp/s
2026-08-20 19:12:30,36.4 kp/s,16.0 kp/s,1.61 kp/s,26.8 kp/s,56.3 kp/s,13.1 kp/s,2.62 kp/s,33.9 kp/s
2026-08-20 19:12:45,36.6 kp/s,16.1 kp/s,1.62 kp/s,27.0 kp/s,56.7 kp/s,13.1 kp/s,2.64 kp/s,34.2 kp/s
2026-08-20 19:13:00,36.4 kp/s,16.0 kp/s,1.62 kp/s,26.9 kp/s,56.5 kp/s,13.0 kp/s,2.64 kp/s,34.0 kp/s
2026-08-20 19:13:15,36.1 kp/s,15.9 kp/s,1.60 kp/s,26.6 kp/s,55.9 kp/s,12.9 kp/s,2.60 kp/s,33.7 kp/s
2026-08-20 19:13:30,36.7 kp/s,16.1 kp/s,1.63 kp/s,27.1 kp/s,56.8 kp/s,13.1 kp/s,2.65 kp/s,34.2 kp/s
2026-08-20 19:13:45,36.9 kp/s,16.2 kp/s,1.65 kp/s,27.2 kp/s,57.3 kp/s,13.2 kp/s,2.68 kp/s,34.4 kp/s
2026-08-20 19:14:00,36.3 kp/s,15.9 kp/s,1.60 kp/s,26.7 kp/s,56.2 kp/s,13.0 kp/s,2.61 kp/s,33.9 kp/s
2026-08-20 19:14:15,36.1 kp/s,15.9 kp/s,1.59 kp/s,26.6 kp/s,55.8 kp/s,13.0 kp/s,2.59 kp/s,33.7 kp/s
2026-08-20 19:14:30,36.4 kp/s,16.0 kp/s,1.62 kp/s,26.8 kp/s,56.4 kp/s,13.0 kp/s,2.63 kp/s,33.9 kp/s
2026-08-20 19:14:45,36.0 kp/s,15.9 kp/s,1.59 kp/s,26.6 kp/s,55.6 kp/s,12.9 kp/s,2.59 kp/s,33.6 kp/s
2026-08-20 19:15:00,36.1 kp/s,15.9 kp/s,1.60 kp/s,26.6 kp/s,55.9 kp/s,13.0 kp/s,2.60 kp/s,33.7 kp/s
2026-08-20 19:15:15,36.4 kp/s,16.0 kp/s,1.61 kp/s,26.8 kp/s,56.3 kp/s,13.0 kp/s,2.62 kp/s,33.9 kp/s
2026-08-20 19:15:30,35.9 kp/s,15.8 kp/s,1.58 kp/s,26.5 kp/s,55.4 kp/s,12.9 kp/s,2.56 kp/s,33.5 kp/s
2026-08-20 19:15:45,36.7 kp/s,16.1 kp/s,1.63 kp/s,27.0 kp/s,56.8 kp/s,13.1 kp/s,2.65 kp/s,34.2 kp/s
2026-08-20 19:16:00,36.0 kp/s,15.9 kp/s,1.59 kp/s,26.6 kp/s,55.7 kp/s,12.9 kp/s,2.59 kp/s,33.6 kp/s
2026-08-20 19:16:15,36.5 kp/s,16.0 kp/s,1.61 kp/s,26.9 kp/s,56.4 kp/s,13.1 kp/s,2.62 kp/s,34.1 kp/s
2026-08-20 19:16:30,37.7 kp/s,16.2 kp/s,1.60 kp/s,27.6 kp/s,58.9 kp/s,13.6 kp/s,2.62 kp/s,35.8 kp/s
2026-08-20 19:16:45,38.6 kp/s,16.1 kp/s,1.52 kp/s,28.0 kp/s,61.3 kp/s,14.2 kp/s,2.49 kp/s,37.3 kp/s
2026-08-20 19:17:00,39.0 kp/s,15.9 kp/s,1.43 kp/s,28.0 kp/s,62.6 kp/s,14.7 kp/s,2.33 kp/s,38.2 kp/s
2026-08-20 19:17:15,39.9 kp/s,16.0 kp/s,1.36 kp/s,28.5 kp/s,64.7 kp/s,15.4 kp/s,2.23 kp/s,39.8 kp/s
2026-08-20 19:17:30,40.1 kp/s,15.8 kp/s,1.29 kp/s,28.4 kp/s,65.5 kp/s,15.8 kp/s,2.10 kp/s,40.4 kp/s
2026-08-20 19:17:45,40.0 kp/s,15.7 kp/s,1.21 kp/s,28.3 kp/s,65.8 kp/s,16.2 kp/s,1.97 kp/s,40.8 kp/s
2026-08-20 19:18:00,40.2 kp/s,15.7 kp/s,1.17 kp/s,28.3 kp/s,66.6 kp/s,16.7 kp/s,1.90 kp/s,41.3 kp/s
2026-08-20 19:18:15,39.6 kp/s,15.5 kp/s,1.13 kp/s,27.9 kp/s,65.4 kp/s,16.5 kp/s,1.84 kp/s,40.7 kp/s
2026-08-20 19:18:30,40.5 kp/s,15.9 kp/s,1.17 kp/s,28.5 kp/s,67.1 kp/s,16.9 kp/s,1.90 kp/s,41.6 kp/s
2026-08-20 19:18:45,40.4 kp/s,15.8 kp/s,1.16 kp/s,28.4 kp/s,66.8 kp/s,16.8 kp/s,1.89 kp/s,41.4 kp/s
2026-08-20 19:19:00,39.5 kp/s,15.5 kp/s,1.13 kp/s,27.8 kp/s,65.2 kp/s,16.5 kp/s,1.84 kp/s,40.5 kp/s
2026-08-20 19:19:15,39.9 kp/s,15.6 kp/s,1.14 kp/s,28.1 kp/s,65.9 kp/s,16.7 kp/s,1.86 kp/s,40.9 kp/s
2026-08-20 19:19:30,39.8 kp/s,15.6 kp/s,1.14 kp/s,28.0 kp/s,65.9 kp/s,16.6 kp/s,1.86 kp/s,40.9 kp/s
2026-08-20 19:19:45,40.0 kp/s,15.7 kp/s,1.15 kp/s,28.1 kp/s,66.1 kp/s,16.7 kp/s,1.87 kp/s,41.0 kp/s
2026-08-20 19:20:00,39.3 kp/s,15.5 kp/s,1.12 kp/s,27.7 kp/s,64.9 kp/s,16.5 kp/s,1.83 kp/s,40.4 kp/s
2026-08-20 19:20:15,39.9 kp/s,15.6 kp/s,1.15 kp/s,28.1 kp/s,66.1 kp/s,16.7 kp/s,1.87 kp/s,41.0 kp/s
2026-08-20 19:20:30,40.0 kp/s,15.7 kp/s,1.15 kp/s,28.1 kp/s,66.2 kp/s,16.6 kp/s,1.88 kp/s,41.1 kp/s
2026-08-20 19:20:45,39.7 kp/s,15.6 kp/s,1.14 kp/s,28.0 kp/s,65.7 kp/s,16.6 kp/s,1.85 kp/s,40.8 kp/s
2026-08-20 19:21:00,39.8 kp/s,15.6 kp/s,1.14 kp/s,28.0 kp/s,65.8 kp/s,16.6 kp/s,1.86 kp/s,40.8 kp/s
2026-08-20 19:21:15,39.8 kp/s,15.6 kp/s,1.14 kp/s,28.0 kp/s,65.9 kp/s,16.6 kp/s,1.86 kp/s,40.9 kp/s
2026-08-20 19:21:30,40.1 kp/s,15.7 kp/s,1.15 kp/s,28.2 kp/s,66.4 kp/s,16.8 kp/s,1.88 kp/s,41.2 kp/s
2026-08-20 19:21:45,39.7 kp/s,15.6 kp/s,1.14 kp/s,27.9 kp/s,65.6 kp/s,16.6 kp/s,1.86 kp/s,40.7 kp/s
2026-08-20 19:22:00,40.3 kp/s,15.8 kp/s,1.16 kp/s,28.3 kp/s,66.9 kp/s,16.8 kp/s,1.89 kp/s,41.4 kp/s
2026-08-20 19:22:15,39.8 kp/s,15.6 kp/s,1.14 kp/s,28.0 kp/s,65.9 kp/s,16.6 kp/s,1.86 kp/s,40.9 kp/s
2026-08-20 19:22:30,39.9 kp/s,15.6 kp/s,1.15 kp/s,28.0 kp/s,66.0 kp/s,16.6 kp/s,1.88 kp/s,41.0 kp/s
2026-08-20 19:22:45,40.3 kp/s,15.8 kp/s,1.16 kp/s,28.4 kp/s,66.8 kp/s,16.8 kp/s,1.89 kp/s,41.4 kp/s
2026-08-20 19:23:00,40.2 kp/s,15.7 kp/s,1.16 kp/s,28.3 kp/s,66.6 kp/s,16.8 kp/s,1.88 kp/s,41.2 kp/s
2026-08-20 19:23:15,39.6 kp/s,15.5 kp/s,1.14 kp/s,27.9 kp/s,65.4 kp/s,16.5 kp/s,1.85 kp/s,40.7 kp/s
2026-08-20 19:23:30,40.3 kp/s,15.8 kp/s,1.16 kp/s,28.4 kp/s,66.7 kp/s,16.8 kp/s,1.89 kp/s,41.4 kp/s
2026-08-20 19:23:45,40.3 kp/s,15.8 kp/s,1.16 kp/s,28.3 kp/s,66.7 kp/s,16.8 kp/s,1.89 kp/s,41.4 kp/s
2026-08-20 19:24:00,40.0 kp/s,15.7 kp/s,1.15 kp/s,28.2 kp/s,66.2 kp/s,16.7 kp/s,1.88 kp/s,41.1 kp/s
2026-08-20 19:24:15,39.6 kp/s,15.5 kp/s,1.13 kp/s,27.9 kp/s,65.4 kp/s,16.5 kp/s,1.85 kp/s,40.7 kp/s
2026-08-20 19:24:30,40.2 kp/s,15.8 kp/s,1.16 kp/s,28.3 kp/s,66.6 kp/s,16.8 kp/s,1.88 kp/s,41.3 kp/s
2026-08-20 19:24:45,40.1 kp/s,15.7 kp/s,1.15 kp/s,28.2 kp/s,66.4 kp/s,16.7 kp/s,1.88 kp/s,41.2 kp/s
2026-08-20 19:25:00,39.8 kp/s,15.6 kp/s,1.15 kp/s,28.0 kp/s,65.9 kp/s,16.6 kp/s,1.87 kp/s,40.9 kp/s
2026-08-20 19:25:15,40.2 kp/s,15.8 kp/s,1.15 kp/s,28.3 kp/s,66.5 kp/s,16.8 kp/s,1.88 kp/s,41.3 kp/s
2026-08-20 19:25:30,39.5 kp/s,15.5 kp/s,1.13 kp/s,27.8 kp/s,65.3 kp/s,16.5 kp/s,1.84 kp/s,40.5 kp/s
2026-08-20 19:25:45,40.0 kp/s,15.7 kp/s,1.15 kp/s,28.1 kp/s,66.2 kp/s,16.7 kp/s,1.87 kp/s,41.1 kp/s
2026-08-20 19:26:00,40.1 kp/s,15.7 kp/s,1.15 kp/s,28.2 kp/s,66.4 kp/s,16.7 kp/s,1.88 kp/s,41.2 kp/s
2026-08-20 19:26:15,39.8 kp/s,15.6 kp/s,1.13 kp/s,28.0 kp/s,65.8 kp/s,16.7 kp/s,1.85 kp/s,40.9 kp/s
2026-08-20 19:26:30,39.7 kp/s,15.8 kp/s,1.11 kp/s,27.9 kp/s,65.1 kp/s,16.6 kp/s,1.79 kp/s,40.3 kp/s
2026-08-20 19:26:45,41.2 kp/s,17.3 kp/s,1.17 kp/s,29.4 kp/s,66.6 kp/s,17.6 kp/s,1.82 kp/s,41.2 kp/s
2026-08-20 19:27:00,40.3 kp/s,18.0 kp/s,1.14 kp/s,29.2 kp/s,63.7 kp/s,17.4 kp/s,1.70 kp/s,39.2 kp/s
2026-08-20 19:27:15,37.5 kp/s,18.1 kp/s,1.13 kp/s,27.9 kp/s,57.6 kp/s,16.6 kp/s,1.63 kp/s,35.3 kp/s
2026-08-20 19:27:30,33.8 kp/s,18.2 kp/s,1.07 kp/s,26.0 kp/s,49.5 kp/s,15.5 kp/s,1.46 kp/s,30.2 kp/s
2026-08-20 19:27:45,30.4 kp/s,18.4 kp/s,883 p/s,24.2 kp/s,41.4 kp/s,14.0 kp/s,1.01 kp/s,24.6 kp/s
2026-08-20 19:28:00,26.9 kp/s,19.5 kp/s,821 p/s,23.0 kp/s,32.1 kp/s,12.6 kp/s,743 p/s,18.3 kp/s
2026-08-20 19:28:15,24.3 kp/s,19.5 kp/s,841 p/s,22.2 kp/s,26.4 kp/s,10.9 kp/s,714 p/s,15.1 kp/s
2026-08-20 19:28:30,24.1 kp/s,19.3 kp/s,833 p/s,22.0 kp/s,26.1 kp/s,10.8 kp/s,704 p/s,15.0 kp/s
2026-08-20 19:28:45,24.1 kp/s,19.4 kp/s,839 p/s,22.0 kp/s,26.0 kp/s,10.8 kp/s,709 p/s,14.9 kp/s
2026-08-20 19:29:00,24.4 kp/s,19.6 kp/s,850 p/s,22.3 kp/s,26.4 kp/s,10.9 kp/s,720 p/s,15.1 kp/s
2026-08-20 19:29:15,24.2 kp/s,19.4 kp/s,839 p/s,22.1 kp/s,26.2 kp/s,10.9 kp/s,712 p/s,15.0 kp/s
2026-08-20 19:29:30,24.2 kp/s,19.5 kp/s,844 p/s,22.1 kp/s,26.2 kp/s,10.8 kp/s,711 p/s,15.0 kp/s
2026-08-20 19:29:45,24.0 kp/s,19.3 kp/s,835 p/s,21.9 kp/s,25.9 kp/s,10.8 kp/s,702 p/s,14.8 kp/s
2026-08-20 19:30:00,24.1 kp/s,19.4 kp/s,843 p/s,22.1 kp/s,26.1 kp/s,10.8 kp/s,709 p/s,14.9 kp/s
2026-08-20 19:30:15,24.2 kp/s,19.6 kp/s,852 p/s,22.2 kp/s,26.2 kp/s,10.8 kp/s,715 p/s,14.9 kp/s
2026-08-20 19:30:30,24.0 kp/s,19.4 kp/s,842 p/s,22.0 kp/s,25.9 kp/s,10.7 kp/s,705 p/s,14.7 kp/s
2026-08-20 19:30:45,24.5 kp/s,19.7 kp/s,853 p/s,22.4 kp/s,26.5 kp/s,11.0 kp/s,721 p/s,15.1 kp/s
2026-08-20 19:31:00,24.2 kp/s,19.4 kp/s,842 p/s,22.1 kp/s,26.2 kp/s,10.8 kp/s,713 p/s,15.0 kp/s
2026-08-20 19:31:15,24.3 kp/s,19.6 kp/s,849 p/s,22.3 kp/s,26.3 kp/s,10.9 kp/s,715 p/s,15.0 kp/s
2026-08-20 19:31:30,24.3 kp/s,19.5 kp/s,847 p/s,22.2 kp/s,26.3 kp/s,10.9 kp/s,716 p/s,15.0 kp/s
2026-08-20 19:31:45,24.1 kp/s,19.4 kp/s,842 p/s,22.0 kp/s,26.0 kp/s,10.8 kp/s,713 p/s,14.9 kp/s
2026-08-20 19:32:00,24.2 kp/s,19.5 kp/s,846 p/s,22.2 kp/s,26.2 kp/s,10.9 kp/s,715 p/s,15.0 kp/s
2026-08-20 19:32:15,24.1 kp/s,19.4 kp/s,843 p/s,22.1 kp/s,26.1 kp/s,10.8 kp/s,710 p/s,14.8 kp/s
2026-08-20 19:32:30,24.1 kp/s,19.4 kp/s,839 p/s,22.0 kp/s,26.1 kp/s,10.7 kp/s,706 p/s,14.9 kp/s
2026-08-20 19:32:45,24.2 kp/s,19.4 kp/s,840 p/s,22.1 kp/s,26.2 kp/s,10.8 kp/s,709 p/s,14.9 kp/s
2026-08-20 19:33:00,24.3 kp/s,19.5 kp/s,848 p/s,22.2 kp/s,26.3 kp/s,10.8 kp/s,717 p/s,14.9 kp/s
2026-08-20 19:33:15,24.3 kp/s,19.6 kp/s,848 p/s,22.2 kp/s,26.3 kp/s,10.8 kp/s,715 p/s,15.0 kp/s
2026-08-20 19:33:30,24.3 kp/s,19.6 kp/s,849 p/s,22.2 kp/s,26.3 kp/s,10.9 kp/s,720 p/s,15.0 kp/s
2026-08-20 19:33:45,24.3 kp/s,19.6 kp/s,846 p/s,22.2 kp/s,26.3 kp/s,10.9 kp/s,718 p/s,15.0 kp/s
2026-08-20 19:34:00,24.3 kp/s,19.6 kp/s,847 p/s,22.2 kp/s,26.4 kp/s,10.9 kp/s,716 p/s,15.1 kp/s
2026-08-20 19:34:15,24.3 kp/s,19.5 kp/s,846 p/s,22.2 kp/s,26.3 kp/s,10.9 kp/s,715 p/s,15.0 kp/s
2026-08-20 19:34:30,24.4 kp/s,19.7 kp/s,853 p/s,22.3 kp/s,26.4 kp/s,10.9 kp/s,723 p/s,15.1 kp/s
2026-08-20 19:34:45,24.2 kp/s,19.5 kp/s,843 p/s,22.1 kp/s,26.2 kp/s,10.9 kp/s,712 p/s,15.0 kp/s
2026-08-20 19:35:00,24.4 kp/s,19.6 kp/s,848 p/s,22.3 kp/s,26.4 kp/s,10.9 kp/s,715 p/s,15.1 kp/s
2026-08-20 19:35:15,24.1 kp/s,19.5 kp/s,848 p/s,22.1 kp/s,26.0 kp/s,10.8 kp/s,714 p/s,14.8 kp/s
2026-08-20 19:35:30,24.4 kp/s,19.6 kp/s,853 p/s,22.3 kp/s,26.3 kp/s,10.9 kp/s,721 p/s,15.0 kp/s
2026-08-20 19:35:45,24.3 kp/s,19.5 kp/s,848 p/s,22.2 kp/s,26.3 kp/s,10.8 kp/s,718 p/s,15.0 kp/s
2026-08-20 19:36:00,24.2 kp/s,19.4 kp/s,842 p/s,22.1 kp/s,26.2 kp/s,10.8 kp/s,711 p/s,14.9 kp/s
2026-08-20 19:36:15,24.1 kp/s,19.3 kp/s,835 p/s,22.0 kp/s,26.1 kp/s,10.8 kp/s,705 p/s,14.9 kp/s
2026-08-20 19:36:30,24.2 kp/s,19.5 kp/s,844 p/s,22.1 kp/s,26.2 kp/s,10.8 kp/s,714 p/s,15.0 kp/s
2026-08-20 19:36:45,24.3 kp/s,19.5 kp/s,848 p/s,22.2 kp/s,26.3 kp/s,10.8 kp/s,718 p/s,15.0 kp/s
2026-08-20 19:37:00,24.8 kp/s,19.9 kp/s,848 p/s,22.7 kp/s,27.2 kp/s,11.5 kp/s,718 p/s,16.0 kp/s
2026-08-20 19:37:15,26.5 kp/s,21.4 kp/s,826 p/s,24.5 kp/s,31.3 kp/s,15.4 kp/s,725 p/s,20.7 kp/s
2026-08-20 19:37:30,27.4 kp/s,22.2 kp/s,762 p/s,25.3 kp/s,34.4 kp/s,19.2 kp/s,675 p/s,24.3 kp/s
2026-08-20 19:37:45,27.6 kp/s,22.5 kp/s,700 p/s,25.4 kp/s,36.1 kp/s,21.8 kp/s,632 p/s,26.8 kp/s
2026-08-20 19:38:00,28.9 kp/s,23.6 kp/s,669 p/s,26.6 kp/s,39.1 kp/s,24.8 kp/s,604 p/s,30.1 kp/s
2026-08-20 19:38:15,29.7 kp/s,24.4 kp/s,632 p/s,27.5 kp/s,41.3 kp/s,27.6 kp/s,570 p/s,32.8 kp/s
2026-08-20 19:38:30,30.4 kp/s,25.1 kp/s,608 p/s,28.1 kp/s,43.1 kp/s,29.7 kp/s,555 p/s,34.9 kp/s
2026-08-20 19:38:45,31.2 kp/s,25.8 kp/s,609 p/s,28.6 kp/s,45.0 kp/s,31.5 kp/s,568 p/s,36.2 kp/s
2026-08-20 19:39:00,30.8 kp/s,25.6 kp/s,603 p/s,28.3 kp/s,44.6 kp/s,31.1 kp/s,565 p/s,35.8 kp/s
2026-08-20 19:39:15,31.2 kp/s,25.8 kp/s,605 p/s,28.6 kp/s,44.9 kp/s,31.4 kp/s,561 p/s,36.2 kp/s
2026-08-20 19:39:30,30.9 kp/s,25.6 kp/s,604 p/s,28.4 kp/s,44.6 kp/s,31.2 kp/s,561 p/s,35.9 kp/s
2026-08-20 19:39:45,30.8 kp/s,25.5 kp/s,597 p/s,28.2 kp/s,44.4 kp/s,31.0 kp/s,555 p/s,35.8 kp/s
2026-08-20 19:40:00,31.2 kp/s,25.8 kp/s,604 p/s,28.6 kp/s,45.0 kp/s,31.4 kp/s,560 p/s,36.2 kp/s
2026-08-20 19:40:15,31.1 kp/s,25.8 kp/s,606 p/s,28.6 kp/s,45.0 kp/s,31.4 kp/s,559 p/s,36.2 kp/s
2026-08-20 19:40:30,31.2 kp/s,25.8 kp/s,608 p/s,28.6 kp/s,45.1 kp/s,31.5 kp/s,562 p/s,36.2 kp/s
2026-08-20 19:40:45,31.1 kp/s,25.7 kp/s,602 p/s,28.5 kp/s,44.9 kp/s,31.3 kp/s,557 p/s,36.1 kp/s
2026-08-20 19:41:00,31.1 kp/s,25.7 kp/s,602 p/s,28.5 kp/s,44.9 kp/s,31.3 kp/s,557 p/s,36.1 kp/s
2026-08-20 19:41:15,31.0 kp/s,25.7 kp/s,601 p/s,28.5 kp/s,44.8 kp/s,31.3 kp/s,559 p/s,36.0 kp/s
2026-08-20 19:41:30,30.9 kp/s,25.5 kp/s,596 p/s,28.3 kp/s,44.5 kp/s,31.0 kp/s,551 p/s,35.8 kp/s
2026-08-20 19:41:45,30.6 kp/s,25.2 kp/s,589 p/s,28.0 kp/s,44.0 kp/s,30.7 kp/s,544 p/s,35.4 kp/s
2026-08-20 19:42:00,30.9 kp/s,25.5 kp/s,595 p/s,28.3 kp/s,44.5 kp/s,31.0 kp/s,549 p/s,35.9 kp/s
2026-08-20 19:42:15,31.1 kp/s,25.7 kp/s,605 p/s,28.5 kp/s,44.9 kp/s,31.3 kp/s,563 p/s,36.1 kp/s
2026-08-20 19:42:30,31.0 kp/s,25.7 kp/s,604 p/s,28.4 kp/s,44.8 kp/s,31.3 kp/s,559 p/s,36.0 kp/s
2026-08-20 19:42:45,30.6 kp/s,25.2 kp/s,592 p/s,28.0 kp/s,44.1 kp/s,30.7 kp/s,550 p/s,35.5 kp/s
2026-08-20 19:43:00,30.9 kp/s,25.5 kp/s,597 p/s,28.3 kp/s,44.5 kp/s,31.0 kp/s,555 p/s,35.8 kp/s
2026-08-20 19:43:15,31.0 kp/s,25.6 kp/s,599 p/s,28.4 kp/s,44.7 kp/s,31.1 kp/s,556 p/s,36.0 kp/s
2026-08-20 19:43:30,31.1 kp/s,25.7 kp/s,603 p/s,28.5 kp/s,44.9 kp/s,31.3 kp/s,557 p/s,36.1 kp/s
2026-08-20 19:43:45,31.1 kp/s,25.6 kp/s,602 p/s,28.5 kp/s,44.8 kp/s,31.2 kp/s,558 p/s,36.0 kp/s
2026-08-20 19:44:00,30.9 kp/s,25.6 kp/s,599 p/s,28.3 kp/s,44.6 kp/s,31.1 kp/s,555 p/s,35.9 kp/s
2026-08-20 19:44:15,31.4 kp/s,26.0 kp/s,610 p/s,28.8 kp/s,45.3 kp/s,31.7 kp/s,562 p/s,36.5 kp/s
2026-08-20 19:44:30,30.7 kp/s,25.4 kp/s,594 p/s,28.2 kp/s,44.3 kp/s,31.0 kp/s,548 p/s,35.6 kp/s
2026-08-20 19:44:45,30.8 kp/s,25.5 kp/s,597 p/s,28.2 kp/s,44.4 kp/s,31.0 kp/s,552 p/s,35.7 kp/s
2026-08-20 19:45:00,30.7 kp/s,25.3 kp/s,594 p/s,28.1 kp/s,44.3 kp/s,30.9 kp/s,551 p/s,35.6 kp/s
2026-08-20 19:45:15,31.2 kp/s,25.8 kp/s,606 p/s,28.6 kp/s,45.0 kp/s,31.5 kp/s,558 p/s,36.2 kp/s
2026-08-20 19:45:30,30.8 kp/s,25.4 kp/s,595 p/s,28.2 kp/s,44.4 kp/s,30.9 kp/s,550 p/s,35.7 kp/s
2026-08-20 19:45:45,30.2 kp/s,25.0 kp/s,584 p/s,27.7 kp/s,43.6 kp/s,30.5 kp/s,538 p/s,35.1 kp/s
2026-08-20 19:46:00,30.2 kp/s,24.9 kp/s,583 p/s,27.6 kp/s,43.5 kp/s,30.3 kp/s,542 p/s,35.0 kp/s
2026-08-20 19:46:15,30.7 kp/s,25.3 kp/s,592 p/s,28.1 kp/s,44.2 kp/s,30.8 kp/s,547 p/s,35.6 kp/s
2026-08-20 19:46:30,30.7 kp/s,25.3 kp/s,590 p/s,28.1 kp/s,44.2 kp/s,30.8 kp/s,547 p/s,35.6 kp/s
2026-08-20 19:46:45,30.9 kp/s,25.5 kp/s,597 p/s,28.3 kp/s,44.5 kp/s,31.0 kp/s,554 p/s,35.8 kp/s
2026-08-20 19:47:00,31.1 kp/s,25.7 kp/s,603 p/s,28.6 kp/s,44.9 kp/s,31.3 kp/s,558 p/s,36.2 kp/s
2026-08-20 19:47:15,32.1 kp/s,26.5 kp/s,642 p/s,29.5 kp/s,46.9 kp/s,32.9 kp/s,634 p/s,38.0 kp/s
2026-08-20 19:47:30,32.2 kp/s,26.6 kp/s,724 p/s,29.4 kp/s,47.6 kp/s,34.1 kp/s,848 p/s,39.0 kp/s
2026-08-20 19:47:45,31.6 kp/s,26.4 kp/s,831 p/s,29.0 kp/s,47.3 kp/s,34.9 kp/s,1.10 kp/s,39.4 kp/s
2026-08-20 19:48:00,31.1 kp/s,26.1 kp/s,869 p/s,28.4 kp/s,47.1 kp/s,35.3 kp/s,1.22 kp/s,39.4 kp/s
2026-08-20 19:48:15,31.4 kp/s,26.3 kp/s,873 p/s,28.6 kp/s,48.0 kp/s,36.4 kp/s,1.25 kp/s,40.4 kp/s
2026-08-20 19:48:30,31.7 kp/s,26.7 kp/s,957 p/s,28.9 kp/s,48.9 kp/s,37.6 kp/s,1.44 kp/s,41.3 kp/s
2026-08-20 19:48:45,31.2 kp/s,26.2 kp/s,954 p/s,28.2 kp/s,48.3 kp/s,37.4 kp/s,1.47 kp/s,40.9 kp/s
2026-08-20 19:49:00,31.8 kp/s,26.7 kp/s,972 p/s,28.7 kp/s,49.5 kp/s,38.3 kp/s,1.50 kp/s,41.8 kp/s
2026-08-20 19:49:15,31.6 kp/s,26.5 kp/s,961 p/s,28.5 kp/s,49.2 kp/s,37.9 kp/s,1.48 kp/s,41.5 kp/s
2026-08-20 19:49:30,31.7 kp/s,26.6 kp/s,968 p/s,28.6 kp/s,49.3 kp/s,38.2 kp/s,1.49 kp/s,41.6 kp/s
2026-08-20 19:49:45,31.5 kp/s,26.4 kp/s,957 p/s,28.4 kp/s,48.9 kp/s,37.8 kp/s,1.48 kp/s,41.3 kp/s
2026-08-20 19:50:00,31.4 kp/s,26.3 kp/s,955 p/s,28.3 kp/s,48.8 kp/s,37.7 kp/s,1.47 kp/s,41.1 kp/s
2026-08-20 19:50:15,31.4 kp/s,26.4 kp/s,958 p/s,28.4 kp/s,48.9 kp/s,37.8 kp/s,1.48 kp/s,41.3 kp/s
2026-08-20 19:50:30,31.5 kp/s,26.4 kp/s,960 p/s,28.4 kp/s,49.0 kp/s,37.8 kp/s,1.48 kp/s,41.3 kp/s
2026-08-20 19:50:45,31.6 kp/s,26.6 kp/s,965 p/s,28.6 kp/s,49.2 kp/s,38.1 kp/s,1.49 kp/s,41.5 kp/s
2026-08-20 19:51:00,31.5 kp/s,26.4 kp/s,957 p/s,28.4 kp/s,48.9 kp/s,37.8 kp/s,1.47 kp/s,41.2 kp/s
2026-08-20 19:51:15,31.7 kp/s,26.6 kp/s,967 p/s,28.6 kp/s,49.3 kp/s,38.1 kp/s,1.49 kp/s,41.6 kp/s
2026-08-20 19:51:30,31.7 kp/s,26.6 kp/s,965 p/s,28.6 kp/s,49.3 kp/s,38.1 kp/s,1.49 kp/s,41.5 kp/s
2026-08-20 19:51:45,31.8 kp/s,26.6 kp/s,970 p/s,28.7 kp/s,49.5 kp/s,38.1 kp/s,1.50 kp/s,41.6 kp/s
2026-08-20 19:52:00,31.6 kp/s,26.5 kp/s,966 p/s,28.5 kp/s,49.2 kp/s,38.0 kp/s,1.49 kp/s,41.5 kp/s
2026-08-20 19:52:15,31.3 kp/s,26.3 kp/s,953 p/s,28.3 kp/s,48.7 kp/s,37.7 kp/s,1.47 kp/s,41.1 kp/s
2026-08-20 19:52:30,31.3 kp/s,26.3 kp/s,957 p/s,28.3 kp/s,48.8 kp/s,37.7 kp/s,1.47 kp/s,41.1 kp/s
2026-08-20 19:52:45,31.4 kp/s,26.3 kp/s,957 p/s,28.3 kp/s,48.8 kp/s,37.8 kp/s,1.48 kp/s,41.2 kp/s
2026-08-20 19:53:00,31.3 kp/s,26.3 kp/s,957 p/s,28.3 kp/s,48.8 kp/s,37.7 kp/s,1.48 kp/s,41.1 kp/s
2026-08-20 19:53:15,31.5 kp/s,26.4 kp/s,960 p/s,28.4 kp/s,48.9 kp/s,37.8 kp/s,1.48 kp/s,41.2 kp/s
2026-08-20 19:53:30,31.3 kp/s,26.2 kp/s,954 p/s,28.2 kp/s,48.6 kp/s,37.6 kp/s,1.47 kp/s,41.0 kp/s
2026-08-20 19:53:45,31.6 kp/s,26.6 kp/s,971 p/s,28.6 kp/s,49.3 kp/s,38.2 kp/s,1.50 kp/s,41.6 kp/s
2026-08-20 19:54:00,31.6 kp/s,26.6 kp/s,966 p/s,28.5 kp/s,49.2 kp/s,38.1 kp/s,1.49 kp/s,41.5 kp/s
2026-08-20 19:54:15,31.4 kp/s,26.4 kp/s,963 p/s,28.4 kp/s,48.9 kp/s,37.9 kp/s,1.49 kp/s,41.2 kp/s
2026-08-20 19:54:30,31.6 kp/s,26.5 kp/s,962 p/s,28.5 kp/s,49.1 kp/s,38.0 kp/s,1.48 kp/s,41.4 kp/s
2026-08-20 19:54:45,31.8 kp/s,26.7 kp/s,969 p/s,28.7 kp/s,49.4 kp/s,38.3 kp/s,1.49 kp/s,41.7 kp/s
2026-08-20 19:55:00,31.6 kp/s,26.5 kp/s,961 p/s,28.5 kp/s,49.1 kp/s,38.0 kp/s,1.48 kp/s,41.4 kp/s
2026-08-20 19:55:15,31.5 kp/s,26.5 kp/s,963 p/s,28.5 kp/s,49.0 kp/s,38.0 kp/s,1.48 kp/s,41.3 kp/s
2026-08-20 19:55:30,31.8 kp/s,26.7 kp/s,971 p/s,28.7 kp/s,49.5 kp/s,38.2 kp/s,1.50 kp/s,41.7 kp/s
2026-08-20 19:55:45,31.4 kp/s,26.4 kp/s,956 p/s,28.4 kp/s,48.9 kp/s,37.8 kp/s,1.47 kp/s,41.2 kp/s
2026-08-20 19:56:00,31.7 kp/s,26.7 kp/s,971 p/s,28.7 kp/s,49.4 kp/s,38.2 kp/s,1.50 kp/s,41.6 kp/s
2026-08-20 19:56:15,31.2 kp/s,26.1 kp/s,947 p/s,28.1 kp/s,48.5 kp/s,37.5 kp/s,1.46 kp/s,40.9 kp/s
2026-08-20 19:56:30,31.5 kp/s,26.5 kp/s,961 p/s,28.5 kp/s,49.0 kp/s,37.9 kp/s,1.48 kp/s,41.4 kp/s
2026-08-20 19:56:45,31.5 kp/s,26.4 kp/s,963 p/s,28.4 kp/s,49.0 kp/s,37.9 kp/s,1.48 kp/s,41.3 kp/s
2026-08-20 19:57:00,31.7 kp/s,26.6 kp/s,965 p/s,28.6 kp/s,49.3 kp/s,38.1 kp/s,1.49 kp/s,41.6 kp/s
2026-08-20 19:57:15,31.4 kp/s,26.5 kp/s,977 p/s,28.3 kp/s,48.6 kp/s,37.8 kp/s,1.51 kp/s,40.8 kp/s
2026-08-20 19:57:30,31.4 kp/s,26.4 kp/s,984 p/s,28.2 kp/s,47.5 kp/s,36.5 kp/s,1.48 kp/s,39.5 kp/s
2026-08-20 19:57:45,31.9 kp/s,26.9 kp/s,1.02 kp/s,28.8 kp/s,47.5 kp/s,35.6 kp/s,1.49 kp/s,38.6 kp/s
2026-08-20 19:58:00,32.2 kp/s,26.9 kp/s,946 p/s,28.9 kp/s,46.5 kp/s,33.5 kp/s,1.25 kp/s,36.8 kp/s
2026-08-20 19:58:15,30.2 kp/s,24.9 kp/s,946 p/s,26.9 kp/s,41.8 kp/s,28.4 kp/s,1.21 kp/s,31.6 kp/s
2026-08-20 19:58:30,27.9 kp/s,22.6 kp/s,925 p/s,24.7 kp/s,36.5 kp/s,22.4 kp/s,1.11 kp/s,25.7 kp/s
2026-08-20 19:58:45,26.6 kp/s,20.9 kp/s,839 p/s,23.4 kp/s,31.8 kp/s,16.0 kp/s,814 p/s,19.8 kp/s
2026-08-20 19:59:00,25.1 kp/s,19.7 kp/s,839 p/s,22.6 kp/s,27.6 kp/s,11.5 kp/s,738 p/s,16.1 kp/s
2026-08-20 19:59:15,24.9 kp/s,19.6 kp/s,842 p/s,22.5 kp/s,27.1 kp/s,11.3 kp/s,734 p/s,15.9 kp/s
2026-08-20 19:59:30,24.9 kp/s,19.8 kp/s,858 p/s,22.7 kp/s,27.1 kp/s,11.2 kp/s,746 p/s,15.8 kp/s
2026-08-20 19:59:45,25.2 kp/s,20.1 kp/s,877 p/s,23.0 kp/s,27.4 kp/s,11.3 kp/s,760 p/s,15.8 kp/s
2026-08-20 20:00:00,25.0 kp/s,19.8 kp/s,859 p/s,22.7 kp/s,27.2 kp/s,11.3 kp/s,748 p/s,15.8 kp/s
2026-08-20 20:00:15,25.3 kp/s,20.2 kp/s,883 p/s,23.1 kp/s,27.5 kp/s,11.3 kp/s,765 p/s,15.8 kp/s
2026-08-20 20:00:30,25.1 kp/s,20.0 kp/s,869 p/s,22.8 kp/s,27.3 kp/s,11.3 kp/s,757 p/s,15.8 kp/s
2026-08-20 20:00:45,25.1 kp/s,20.0 kp/s,870 p/s,22.9 kp/s,27.3 kp/s,11.3 kp/s,757 p/s,15.8 kp/s
2026-08-20 20:01:00,25.1 kp/s,20.0 kp/s,872 p/s,22.9 kp/s,27.3 kp/s,11.3 kp/s,756 p/s,15.8 kp/s
2026-08-20 20:01:15,25.1 kp/s,20.0 kp/s,874 p/s,22.8 kp/s,27.2 kp/s,11.3 kp/s,758 p/s,15.7 kp/s
2026-08-20 20:01:30,25.0 kp/s,19.9 kp/s,866 p/s,22.7 kp/s,27.2 kp/s,11.2 kp/s,754 p/s,15.8 kp/s
2026-08-20 20:01:45,25.0 kp/s,19.9 kp/s,869 p/s,22.8 kp/s,27.1 kp/s,11.2 kp/s,752 p/s,15.7 kp/s
2026-08-20 20:02:00,25.4 kp/s,20.3 kp/s,889 p/s,23.1 kp/s,27.5 kp/s,11.4 kp/s,769 p/s,15.8 kp/s
2026-08-20 20:02:15,25.2 kp/s,20.2 kp/s,882 p/s,23.0 kp/s,27.4 kp/s,11.3 kp/s,766 p/s,15.8 kp/s
2026-08-20 20:02:30,25.3 kp/s,20.2 kp/s,887 p/s,23.1 kp/s,27.5 kp/s,11.3 kp/s,769 p/s,15.8 kp/s
2026-08-20 20:02:45,25.3 kp/s,20.1 kp/s,873 p/s,23.0 kp/s,27.5 kp/s,11.4 kp/s,758 p/s,16.0 kp/s
2026-08-20 20:03:00,25.2 kp/s,20.1 kp/s,876 p/s,22.9 kp/s,27.3 kp/s,11.3 kp/s,762 p/s,15.8 kp/s
2026-08-20 20:03:15,25.2 kp/s,20.0 kp/s,872 p/s,22.9 kp/s,27.4 kp/s,11.3 kp/s,761 p/s,15.9 kp/s
2026-08-20 20:03:30,24.9 kp/s,19.8 kp/s,863 p/s,22.7 kp/s,27.1 kp/s,11.2 kp/s,748 p/s,15.7 kp/s
2026-08-20 20:03:45,25.2 kp/s,20.1 kp/s,875 p/s,23.0 kp/s,27.4 kp/s,11.3 kp/s,759 p/s,15.8 kp/s
2026-08-20 20:04:00,25.1 kp/s,20.1 kp/s,876 p/s,22.9 kp/s,27.3 kp/s,11.3 kp/s,761 p/s,15.8 kp/s
2026-08-20 20:04:15,25.5 kp/s,20.3 kp/s,889 p/s,23.2 kp/s,27.7 kp/s,11.4 kp/s,769 p/s,16.0 kp/s
2026-08-20 20:04:30,25.2 kp/s,20.1 kp/s,878 p/s,23.0 kp/s,27.4 kp/s,11.4 kp/s,764 p/s,15.8 kp/s
2026-08-20 20:04:45,25.0 kp/s,20.0 kp/s,871 p/s,22.8 kp/s,27.1 kp/s,11.2 kp/s,756 p/s,15.7 kp/s
2026-08-20 20:05:00,25.2 kp/s,20.2 kp/s,884 p/s,23.0 kp/s,27.4 kp/s,11.3 kp/s,766 p/s,15.7 kp/s
2026-08-20 20:05:15,25.1 kp/s,20.1 kp/s,884 p/s,22.9 kp/s,27.3 kp/s,11.2 kp/s,764 p/s,15.7 kp/s
2026-08-20 20:05:30,25.2 kp/s,20.2 kp/s,885 p/s,23.0 kp/s,27.4 kp/s,11.3 kp/s,766 p/s,15.7 kp/s
2026-08-20 20:05:45,25.2 kp/s,20.1 kp/s,880 p/s,23.0 kp/s,27.3 kp/s,11.3 kp/s,762 p/s,15.7 kp/s
2026-08-20 20:06:00,25.3 kp/s,20.2 kp/s,887 p/s,23.1 kp/s,27.5 kp/s,11.3 kp/s,771 p/s,15.8 kp/s
2026-08-20 20:06:15,25.2 kp/s,20.0 kp/s,870 p/s,22.9 kp/s,27.3 kp/s,11.3 kp/s,754 p/s,15.8 kp/s
2026-08-20 20:06:30,25.2 kp/s,20.1 kp/s,883 p/s,23.0 kp/s,27.4 kp/s,11.3 kp/s,766 p/s,15.8 kp/s
2026-08-20 20:06:45,25.0 kp/s,19.9 kp/s,870 p/s,22.8 kp/s,27.1 kp/s,11.2 kp/s,757 p/s,15.7 kp/s
2026-08-20 20:07:00,25.2 kp/s,20.1 kp/s,873 p/s,22.9 kp/s,27.3 kp/s,11.3 kp/s,758 p/s,15.9 kp/s
2026-08-20 20:07:15,25.3 kp/s,20.1 kp/s,876 p/s,23.0 kp/s,27.4 kp/s,11.4 kp/s,760 p/s,15.9 kp/s
2026-08-20 20:07:30,25.1 kp/s,20.0 kp/s,874 p/s,22.9 kp/s,27.2 kp/s,11.3 kp/s,759 p/s,15.7 kp/s
2026-08-20 20:07:45,25.8 kp/s,20.6 kp/s,1.01 kp/s,23.5 kp/s,28.3 kp/s,11.9 kp/s,1.01 kp/s,16.5 kp/s
2026-08-20 20:08:00,26.4 kp/s,21.4 kp/s,2.07 kp/s,23.5 kp/s,30.7 kp/s,15.3 kp/s,3.21 kp/s,18.4 kp/s
2026-08-20 20:08:15,26.8 kp/s,22.2 kp/s,3.19 kp/s,23.2 kp/s,32.8 kp/s,18.9 kp/s,5.53 kp/s,19.9 kp/s
2026-08-20 20:08:30,27.8 kp/s,23.4 kp/s,4.08 kp/s,23.8 kp/s,35.5 kp/s,22.5 kp/s,7.34 kp/s,22.2 kp/s
2026-08-20 20:08:45,27.6 kp/s,23.8 kp/s,4.74 kp/s,23.6 kp/s,36.4 kp/s,25.0 kp/s,8.73 kp/s,23.7 kp/s
2026-08-20 20:09:00,28.3 kp/s,24.6 kp/s,5.34 kp/s,23.9 kp/s,38.3 kp/s,27.7 kp/s,9.97 kp/s,25.3 kp/s
2026-08-20 20:09:15,29.1 kp/s,25.7 kp/s,6.05 kp/s,24.6 kp/s,40.3 kp/s,30.6 kp/s,11.4 kp/s,27.3 kp/s
2026-08-20 20:09:30,29.8 kp/s,26.5 kp/s,6.44 kp/s,24.9 kp/s,42.0 kp/s,32.4 kp/s,12.2 kp/s,28.3 kp/s
2026-08-20 20:09:45,29.6 kp/s,26.2 kp/s,6.38 kp/s,24.6 kp/s,41.7 kp/s,32.1 kp/s,12.1 kp/s,28.0 kp/s
2026-08-20 20:10:00,29.7 kp/s,26.3 kp/s,6.39 kp/s,24.7 kp/s,41.8 kp/s,32.2 kp/s,12.1 kp/s,28.1 kp/s
2026-08-20 20:10:15,29.5 kp/s,26.1 kp/s,6.33 kp/s,24.5 kp/s,41.5 kp/s,32.0 kp/s,12.0 kp/s,27.9 kp/s
2026-08-20 20:10:30,29.8 kp/s,26.4 kp/s,6.42 kp/s,24.7 kp/s,42.0 kp/s,32.3 kp/s,12.2 kp/s,28.2 kp/s
2026-08-20 20:10:45,29.6 kp/s,26.2 kp/s,6.36 kp/s,24.6 kp/s,41.7 kp/s,32.1 kp/s,12.1 kp/s,28.0 kp/s
2026-08-20 20:11:00,29.6 kp/s,26.2 kp/s,6.37 kp/s,24.6 kp/s,41.7 kp/s,32.1 kp/s,12.1 kp/s,28.0 kp/s
2026-08-20 20:11:15,29.5 kp/s,26.1 kp/s,6.35 kp/s,24.5 kp/s,41.6 kp/s,32.0 kp/s,12.0 kp/s,28.0 kp/s
2026-08-20 20:11:30,29.8 kp/s,26.4 kp/s,6.44 kp/s,24.7 kp/s,42.0 kp/s,32.4 kp/s,12.2 kp/s,28.2 kp/s
2026-08-20 20:11:45,29.7 kp/s,26.4 kp/s,6.42 kp/s,24.7 kp/s,41.9 kp/s,32.3 kp/s,12.2 kp/s,28.2 kp/s
2026-08-20 20:12:00,29.8 kp/s,26.5 kp/s,6.43 kp/s,24.8 kp/s,42.0 kp/s,32.4 kp/s,12.2 kp/s,28.2 kp/s
2026-08-20 20:12:15,29.6 kp/s,26.2 kp/s,6.35 kp/s,24.6 kp/s,41.7 kp/s,32.1 kp/s,12.0 kp/s,28.1 kp/s
2026-08-20 20:12:30,29.7 kp/s,26.2 kp/s,6.37 kp/s,24.7 kp/s,41.8 kp/s,32.1 kp/s,12.1 kp/s,28.1 kp/s
2026-08-20 20:12:45,29.8 kp/s,26.3 kp/s,6.41 kp/s,24.7 kp/s,41.9 kp/s,32.3 kp/s,12.2 kp/s,28.2 kp/s
2026-08-20 20:13:00,29.5 kp/s,26.1 kp/s,6.32 kp/s,24.5 kp/s,41.5 kp/s,31.9 kp/s,12.0 kp/s,28.0 kp/s
2026-08-20 20:13:15,29.8 kp/s,26.4 kp/s,6.43 kp/s,24.7 kp/s,41.9 kp/s,32.3 kp/s,12.2 kp/s,28.1 kp/s
2026-08-20 20:13:30,30.3 kp/s,26.9 kp/s,6.56 kp/s,25.2 kp/s,42.7 kp/s,32.9 kp/s,12.5 kp/s,28.6 kp/s
2026-08-20 20:13:45,29.9 kp/s,26.5 kp/s,6.47 kp/s,24.9 kp/s,42.2 kp/s,32.5 kp/s,12.3 kp/s,28.3 kp/s
2026-08-20 20:14:00,29.6 kp/s,26.2 kp/s,6.37 kp/s,24.6 kp/s,41.7 kp/s,32.1 kp/s,12.1 kp/s,28.0 kp/s
2026-08-20 20:14:15,29.7 kp/s,26.3 kp/s,6.38 kp/s,24.7 kp/s,41.8 kp/s,32.2 kp/s,12.1 kp/s,28.1 kp/s
2026-08-20 20:14:30,30.2 kp/s,26.8 kp/s,6.55 kp/s,25.1 kp/s,42.6 kp/s,32.8 kp/s,12.4 kp/s,28.5 kp/s
2026-08-20 20:14:45,29.5 kp/s,26.2 kp/s,6.36 kp/s,24.5 kp/s,41.6 kp/s,32.0 kp/s,12.1 kp/s,27.9 kp/s
2026-08-20 20:15:00,29.9 kp/s,26.5 kp/s,6.46 kp/s,24.8 kp/s,42.1 kp/s,32.5 kp/s,12.3 kp/s,28.3 kp/s
2026-08-20 20:15:15,29.4 kp/s,26.0 kp/s,6.33 kp/s,24.4 kp/s,41.4 kp/s,31.9 kp/s,12.0 kp/s,27.8 kp/s
2026-08-20 20:15:30,29.6 kp/s,26.1 kp/s,6.35 kp/s,24.6 kp/s,41.7 kp/s,32.0 kp/s,12.1 kp/s,28.0 kp/s
2026-08-20 20:15:45,29.6 kp/s,26.1 kp/s,6.34 kp/s,24.5 kp/s,41.6 kp/s,32.0 kp/s,12.0 kp/s,28.0 kp/s
2026-08-20 20:16:00,29.6 kp/s,26.2 kp/s,6.38 kp/s,24.6 kp/s,41.7 kp/s,32.1 kp/s,12.1 kp/s,28.0 kp/s
2026-08-20 20:16:15,29.6 kp/s,26.2 kp/s,6.34 kp/s,24.6 kp/s,41.7 kp/s,32.0 kp/s,12.0 kp/s,28.1 kp/s
2026-08-20 20:16:30,29.9 kp/s,26.4 kp/s,6.41 kp/s,24.8 kp/s,42.0 kp/s,32.3 kp/s,12.2 kp/s,28.3 kp/s
2026-08-20 20:16:45,29.8 kp/s,26.4 kp/s,6.44 kp/s,24.8 kp/s,42.0 kp/s,32.4 kp/s,12.2 kp/s,28.2 kp/s
2026-08-20 20:17:00,29.6 kp/s,26.2 kp/s,6.38 kp/s,24.6 kp/s,41.7 kp/s,32.1 kp/s,12.1 kp/s,28.0 kp/s
2026-08-20 20:17:15,29.4 kp/s,26.0 kp/s,6.29 kp/s,24.4 kp/s,41.4 kp/s,31.8 kp/s,11.9 kp/s,27.8 kp/s
2026-08-20 20:17:30,29.6 kp/s,26.2 kp/s,6.37 kp/s,24.6 kp/s,41.7 kp/s,32.1 kp/s,12.1 kp/s,28.0 kp/s
2026-08-20 20:17:45,30.1 kp/s,26.7 kp/s,6.50 kp/s,25.0 kp/s,42.4 kp/s,32.7 kp/s,12.3 kp/s,28.5 kp/s
2026-08-20 20:18:00,30.5 kp/s,26.3 kp/s,6.35 kp/s,25.3 kp/s,43.5 kp/s,32.4 kp/s,12.0 kp/s,29.4 kp/s
2026-08-20 20:18:15,32.1 kp/s,25.6 kp/s,5.99 kp/s,25.9 kp/s,47.1 kp/s,31.7 kp/s,11.4 kp/s,31.5 kp/s
2026-08-20 20:18:30,32.9 kp/s,24.2 kp/s,5.51 kp/s,25.9 kp/s,49.7 kp/s,30.3 kp/s,10.4 kp/s,32.8 kp/s
2026-08-20 20:18:45,34.8 kp/s,23.8 kp/s,5.28 kp/s,26.7 kp/s,53.6 kp/s,29.8 kp/s,10.0 kp/s,34.9 kp/s
2026-08-20 20:19:00,35.5 kp/s,22.8 kp/s,4.94 kp/s,26.7 kp/s,55.5 kp/s,28.8 kp/s,9.37 kp/s,35.8 kp/s
2026-08-20 20:19:15,36.0 kp/s,21.9 kp/s,4.62 kp/s,26.7 kp/s,57.0 kp/s,27.7 kp/s,8.76 kp/s,36.6 kp/s
2026-08-20 20:19:30,36.7 kp/s,21.3 kp/s,4.36 kp/s,26.8 kp/s,58.7 kp/s,27.2 kp/s,8.26 kp/s,37.5 kp/s
2026-08-20 20:19:45,37.3 kp/s,21.5 kp/s,4.37 kp/s,27.1 kp/s,60.1 kp/s,27.5 kp/s,8.29 kp/s,38.0 kp/s
2026-08-20 20:20:00,37.1 kp/s,21.3 kp/s,4.35 kp/s,26.9 kp/s,59.8 kp/s,27.3 kp/s,8.24 kp/s,37.8 kp/s
2026-08-20 20:20:15,36.8 kp/s,21.2 kp/s,4.29 kp/s,26.6 kp/s,59.2 kp/s,27.1 kp/s,8.13 kp/s,37.4 kp/s
2026-08-20 20:20:30,37.4 kp/s,21.5 kp/s,4.38 kp/s,27.1 kp/s,60.3 kp/s,27.5 kp/s,8.31 kp/s,38.1 kp/s
2026-08-20 20:20:45,37.2 kp/s,21.4 kp/s,4.35 kp/s,26.9 kp/s,59.9 kp/s,27.3 kp/s,8.25 kp/s,37.8 kp/s
2026-08-20 20:21:00,37.0 kp/s,21.3 kp/s,4.33 kp/s,26.9 kp/s,59.6 kp/s,27.2 kp/s,8.21 kp/s,37.7 kp/s
2026-08-20 20:21:15,37.2 kp/s,21.3 kp/s,4.35 kp/s,26.9 kp/s,59.9 kp/s,27.3 kp/s,8.24 kp/s,37.8 kp/s
2026-08-20 20:21:30,36.8 kp/s,21.2 kp/s,4.29 kp/s,26.7 kp/s,59.3 kp/s,27.1 kp/s,8.14 kp/s,37.5 kp/s
2026-08-20 20:21:45,37.2 kp/s,21.4 kp/s,4.33 kp/s,27.0 kp/s,59.9 kp/s,27.3 kp/s,8.22 kp/s,37.9 kp/s
2026-08-20 20:22:00,37.3 kp/s,21.5 kp/s,4.36 kp/s,27.1 kp/s,60.1 kp/s,27.5 kp/s,8.27 kp/s,38.0 kp/s
2026-08-20 20:22:15,37.0 kp/s,21.3 kp/s,4.31 kp/s,26.9 kp/s,59.5 kp/s,27.2 kp/s,8.18 kp/s,37.7 kp/s
2026-08-20 20:22:30,36.8 kp/s,21.1 kp/s,4.29 kp/s,26.7 kp/s,59.2 kp/s,27.0 kp/s,8.13 kp/s,37.4 kp/s
2026-08-20 20:22:45,37.5 kp/s,21.6 kp/s,4.39 kp/s,27.2 kp/s,60.4 kp/s,27.6 kp/s,8.33 kp/s,38.2 kp/s
2026-08-20 20:23:00,36.9 kp/s,21.2 kp/s,4.31 kp/s,26.7 kp/s,59.4 kp/s,27.1 kp/s,8.18 kp/s,37.6 kp/s
2026-08-20 20:23:15,37.2 kp/s,21.4 kp/s,4.36 kp/s,27.0 kp/s,60.0 kp/s,27.4 kp/s,8.27 kp/s,37.9 kp/s
2026-08-20 20:23:30,36.9 kp/s,21.2 kp/s,4.28 kp/s,26.8 kp/s,59.3 kp/s,27.1 kp/s,8.12 kp/s,37.6 kp/s
2026-08-20 20:23:45,36.8 kp/s,21.2 kp/s,4.28 kp/s,26.7 kp/s,59.3 kp/s,27.0 kp/s,8.12 kp/s,37.5 kp/s
2026-08-20 20:24:00,37.1 kp/s,21.3 kp/s,4.32 kp/s,26.9 kp/s,59.7 kp/s,27.2 kp/s,8.19 kp/s,37.8 kp/s
2026-08-20 20:24:15,36.8 kp/s,21.1 kp/s,4.28 kp/s,26.7 kp/s,59.1 kp/s,27.0 kp/s,8.11 kp/s,37.4 kp/s
2026-08-20 20:24:30,36.8 kp/s,21.1 kp/s,4.29 kp/s,26.7 kp/s,59.3 kp/s,27.0 kp/s,8.13 kp/s,37.5 kp/s
2026-08-20 20:24:45,36.5 kp/s,21.0 kp/s,4.22 kp/s,26.5 kp/s,58.6 kp/s,26.8 kp/s,8.01 kp/s,37.2 kp/s
2026-08-20 20:25:00,37.1 kp/s,21.3 kp/s,4.32 kp/s,26.9 kp/s,59.7 kp/s,27.3 kp/s,8.19 kp/s,37.8 kp/s
2026-08-20 20:25:15,37.1 kp/s,21.3 kp/s,4.32 kp/s,26.9 kp/s,59.7 kp/s,27.2 kp/s,8.19 kp/s,37.8 kp/s
2026-08-20 20:25:30,37.1 kp/s,21.3 kp/s,4.34 kp/s,26.9 kp/s,59.7 kp/s,27.3 kp/s,8.23 kp/s,37.7 kp/s
2026-08-20 20:25:45,37.4 kp/s,21.5 kp/s,4.38 kp/s,27.1 kp/s,60.3 kp/s,27.5 kp/s,8.31 kp/s,38.1 kp/s
2026-08-20 20:26:00,37.0 kp/s,21.3 kp/s,4.31 kp/s,26.8 kp/s,59.5 kp/s,27.2 kp/s,8.18 kp/s,37.6 kp/s
2026-08-20 20:26:15,36.9 kp/s,21.2 kp/s,4.30 kp/s,26.7 kp/s,59.3 kp/s,27.1 kp/s,8.15 kp/s,37.5 kp/s
2026-08-20 20:26:30,37.3 kp/s,21.4 kp/s,4.35 kp/s,27.0 kp/s,60.0 kp/s,27.4 kp/s,8.25 kp/s,38.0 kp/s
2026-08-20 20:26:45,37.1 kp/s,21.3 kp/s,4.33 kp/s,26.9 kp/s,59.7 kp/s,27.3 kp/s,8.21 kp/s,37.8 kp/s
2026-08-20 20:27:00,37.0 kp/s,21.3 kp/s,4.30 kp/s,26.8 kp/s,59.5 kp/s,27.2 kp/s,8.15 kp/s,37.6 kp/s
2026-08-20 20:27:15,37.0 kp/s,21.3 kp/s,4.32 kp/s,26.9 kp/s,59.6 kp/s,27.3 kp/s,8.20 kp/s,37.7 kp/s
2026-08-20 20:27:30,37.3 kp/s,21.4 kp/s,4.35 kp/s,27.0 kp/s,60.0 kp/s,27.4 kp/s,8.25 kp/s,37.9 kp/s
2026-08-20 20:27:45,37.4 kp/s,21.5 kp/s,4.37 kp/s,27.1 kp/s,60.2 kp/s,27.5 kp/s,8.29 kp/s,38.0 kp/s
2026-08-20 20:28:00,37.3 kp/s,21.5 kp/s,4.37 kp/s,27.1 kp/s,60.2 kp/s,27.5 kp/s,8.29 kp/s,38.0 kp/s
2026-08-20 20:28:15,36.9 kp/s,21.2 kp/s,4.30 kp/s,26.7 kp/s,59.4 kp/s,27.1 kp/s,8.16 kp/s,37.6 kp/s
2026-08-20 20:28:30,37.1 kp/s,21.4 kp/s,4.35 kp/s,26.9 kp/s,59.8 kp/s,27.3 kp/s,8.26 kp/s,37.8 kp/s
2026-08-20 20:28:45,36.8 kp/s,21.1 kp/s,4.26 kp/s,26.7 kp/s,59.1 kp/s,27.0 kp/s,8.07 kp/s,37.4 kp/s
2026-08-20 20:29:00,37.2 kp/s,21.4 kp/s,4.33 kp/s,27.0 kp/s,59.9 kp/s,27.3 kp/s,8.22 kp/s,37.9 kp/s
2026-08-20 20:29:15,37.0 kp/s,21.3 kp/s,4.32 kp/s,26.8 kp/s,59.5 kp/s,27.2 kp/s,8.19 kp/s,37.6 kp/s
2026-08-20 20:29:30,37.1 kp/s,21.3 kp/s,4.31 kp/s,26.9 kp/s,59.7 kp/s,27.2 kp/s,8.17 kp/s,37.7 kp/s
2026-08-20 20:29:45,37.3 kp/s,21.4 kp/s,4.35 kp/s,27.0 kp/s,60.0 kp/s,27.4 kp/s,8.25 kp/s,37.9 kp/s
2026-08-20 20:30:00,37.3 kp/s,21.4 kp/s,4.35 kp/s,27.0 kp/s,60.0 kp/s,27.4 kp/s,8.24 kp/s,37.9 kp/s
2026-08-20 20:30:15,37.0 kp/s,21.2 kp/s,4.31 kp/s,26.8 kp/s,59.5 kp/s,27.1 kp/s,8.17 kp/s,37.6 kp/s
2026-08-20 20:30:30,36.9 kp/s,21.2 kp/s,4.28 kp/s,26.8 kp/s,59.3 kp/s,27.1 kp/s,8.11 kp/s,37.6 kp/s
2026-08-20 20:30:45,37.3 kp/s,21.4 kp/s,4.33 kp/s,27.0 kp/s,60.0 kp/s,27.3 kp/s,8.21 kp/s,37.9 kp/s
2026-08-20 20:31:00,37.1 kp/s,21.4 kp/s,4.34 kp/s,26.9 kp/s,59.8 kp/s,27.3 kp/s,8.23 kp/s,37.8 kp/s
2026-08-20 20:31:15,37.2 kp/s,21.4 kp/s,4.34 kp/s,27.0 kp/s,59.8 kp/s,27.3 kp/s,8.23 kp/s,37.9 kp/s
2026-08-20 20:31:30,36.6 kp/s,21.0 kp/s,4.25 kp/s,26.5 kp/s,58.8 kp/s,26.8 kp/s,8.06 kp/s,37.2 kp/s
2026-08-20 20:31:45,36.8 kp/s,21.2 kp/s,4.28 kp/s,26.7 kp/s,59.2 kp/s,27.0 kp/s,8.12 kp/s,37.5 kp/s
2026-08-20 20:32:00,36.8 kp/s,21.2 kp/s,4.29 kp/s,26.7 kp/s,59.2 kp/s,27.0 kp/s,8.14 kp/s,37.5 kp/s
2026-08-20 20:32:15,36.9 kp/s,21.2 kp/s,4.29 kp/s,26.8 kp/s,59.4 kp/s,27.1 kp/s,8.14 kp/s,37.6 kp/s
2026-08-20 20:32:30,37.0 kp/s,21.3 kp/s,4.30 kp/s,26.8 kp/s,59.4 kp/s,27.2 kp/s,8.16 kp/s,37.7 kp/s
2026-08-20 20:32:45,37.1 kp/s,21.3 kp/s,4.32 kp/s,26.9 kp/s,59.6 kp/s,27.3 kp/s,8.19 kp/s,37.8 kp/s
2026-08-20 20:33:00,37.0 kp/s,21.3 kp/s,4.32 kp/s,26.8 kp/s,59.5 kp/s,27.2 kp/s,8.19 kp/s,37.6 kp/s
2026-08-20 20:33:15,36.8 kp/s,21.1 kp/s,4.30 kp/s,26.7 kp/s,59.3 kp/s,27.0 kp/s,8.15 kp/s,37.5 kp/s
2026-08-20 20:33:30,36.8 kp/s,21.2 kp/s,4.30 kp/s,26.7 kp/s,59.2 kp/s,27.1 kp/s,8.15 kp/s,37.5 kp/s
2026-08-20 20:33:45,36.7 kp/s,21.1 kp/s,4.28 kp/s,26.6 kp/s,59.1 kp/s,27.0 kp/s,8.11 kp/s,37.4 kp/s
2026-08-20 20:34:00,37.3 kp/s,21.4 kp/s,4.36 kp/s,27.1 kp/s,60.2 kp/s,27.4 kp/s,8.27 kp/s,38.0 kp/s
2026-08-20 20:34:15,37.1 kp/s,21.3 kp/s,4.33 kp/s,26.9 kp/s,59.7 kp/s,27.3 kp/s,8.20 kp/s,37.8 kp/s
2026-08-20 20:34:30,37.3 kp/s,21.5 kp/s,4.37 kp/s,27.1 kp/s,60.2 kp/s,27.5 kp/s,8.29 kp/s,38.0 kp/s
2026-08-20 20:34:45,36.9 kp/s,21.2 kp/s,4.29 kp/s,26.7 kp/s,59.3 kp/s,27.1 kp/s,8.14 kp/s,37.5 kp/s
2026-08-20 20:35:00,37.1 kp/s,21.3 kp/s,4.33 kp/s,26.9 kp/s,59.8 kp/s,27.3 kp/s,8.21 kp/s,37.8 kp/s
2026-08-20 20:35:15,37.0 kp/s,21.3 kp/s,4.32 kp/s,26.8 kp/s,59.5 kp/s,27.2 kp/s,8.19 kp/s,37.6 kp/s
2026-08-20 20:35:30,36.9 kp/s,21.2 kp/s,4.29 kp/s,26.7 kp/s,59.3 kp/s,27.1 kp/s,8.14 kp/s,37.5 kp/s
2026-08-20 20:35:45,37.1 kp/s,21.3 kp/s,4.34 kp/s,26.9 kp/s,59.8 kp/s,27.3 kp/s,8.24 kp/s,37.8 kp/s